Parque;longitude;latitude
;41.6937558644485;2.35461132533853
;41.5812264148329;2.01428080578585
;41.5803147482891;2.01476124718785
;41.6732349913173;2.3974089664116
;41.4690639085355;2.0549980030518
;41.4036540895714;2.20965037729776
;41.3598739406722;2.06148853470687
;41.4178237670984;2.191114389567
;41.3416500085203;2.04704407444088
;41.4024853123159;2.19510319194492
Parc de Ca l'Abril;41.4999101841441;2.38417732499348
;41.678146566958;2.28405771090953
;41.3865815658992;2.12522447290746
;41.3865815658992;2.12522447290746
;41.2670070181733;2.02019546244873
;41.452327;2.250298
;41.3536149480468;2.08943561164506
;41.351515972378;2.08656403676888
;41.3064181305448;2.00535169529193
;41.4536847756632;2.25605913813531
;41.3287366664142;1.92611584276191
;41.3817665925449;2.16969573633629
Ludoteca ambiental;41.3876713632042;2.18674309033286
;41.386914164693;2.18757789731013
;41.4893379321433;2.18645871890082
;41.4881494650581;2.34915389984888
;41.4895075234652;2.18425637855647
;41.5451056105658;2.4439264420914
;41.5385348768846;2.44232320021087
;41.5396854288605;2.43753184811704
;41.5417952670923;2.44909776829434
;41.3726254429237;2.12873052809458
;41.5067127527162;2.39085380656816
;41.5040750032891;2.39723270075829
;41.5835595237862;2.00996258916222
;41.5836350812193;2.01127404935721
;41.5821071;2.01257035
;41.4087706737583;2.18504364783275
;41.4191749263732;2.13575852543336
;41.374969525713;2.11774412943362
;41.3753707986865;2.11802604763947
;41.36877845;2.1113724
;41.36624165;2.1130108
;41.5545206752933;2.08589514008221
;41.40420105;2.15589045
;41.402630404232;2.15807451620061
;41.4076281817157;2.14953639675286
;41.4132680500339;2.14194317002689
;41.579309426217;2.01636658468594
;41.5777939;2.01055795
;41.4561182613216;2.25406829430474
;41.6152552250061;2.01110796147503
;41.4055088124453;2.1623382063197
;41.2665608345546;2.01650442361434
;41.4901507374029;2.18881465109288
;41.3668323089192;2.14069774499856
;41.3070149177342;2.00736108802855
;41.5403727119391;2.42319796666667
;41.4436476;2.22069445
;41.4905482852586;2.18414401722775
Plaça de Mn. Joan Pau Pujol;41.5447893910245;2.43907928459184
;41.3195222703609;2.02873346382312
;41.3190802567593;2.02735546248029
;41.4217238435203;2.1412833661193
;41.3079739843268;2.00705324386627
;41.4198153028131;2.14049024071194
;41.3777985532586;2.16325541568568
;41.6728062317368;2.39855080290255
;41.6730383236942;2.39809382392439
;41.4220192355733;2.14138612386357
;41.4189561527481;2.09777158366895
;41.37952003196;2.18956250159944
;41.4027697723845;2.16146880174379
;41.3918959857282;2.12309037951566
;41.3895805273793;2.12212077931106
;41.4250074011396;2.15003292153211
;41.3932673766653;2.13762818366652
;41.3815192644007;2.04577732491882
;41.4371909478121;2.19559161283025
;41.47300065;2.07528355
;41.4751675138206;2.06607026720554
;41.47978065;2.07195745
;41.4797246681944;2.07124291301136
;41.4756330682386;2.08529980083915
;41.6005512683989;2.28834561707181
;41.4722582509384;2.09646845257426
;41.4736286801052;2.09264597094796
;41.4735523422211;2.09213407253805
;41.4773355180968;2.08147385945999
;41.473488334464;2.0615175594274
;41.6017668459297;2.29491078287444
Plaça d'Hilari Salvadó;41.3792705921112;2.19154203829074
;41.6064874051235;2.30061651713331
;41.6038464265525;2.29997202286354
;41.3724735922076;2.17357443393069
;41.5993939319902;2.29943054534954
;41.4454315321446;2.07475514020682
;41.4577056544856;2.06734265159965
Plaça del Baixador;41.4688367921978;2.06207812776282
Can Jep;41.5255300831497;2.36882405290014
;41.422525845906;2.1421436614138
;41.4230676;2.14419525
;41.5266789589909;2.36608281537753
;41.5099962255259;2.36220349629236
;41.5577607074677;2.09754427325772
;41.6095870389009;2.28377867272677
;41.5747002666667;2.0853475
;41.5525659208999;2.00632127035441
;41.5553928443455;2.00675620740496
;41.5518795273819;2.00754729358258
;41.6354643013888;2.15904092876182
Parc de l'Espígol;41.4141120535816;1.96659271732776
;41.4135272328063;1.96578191015136
;41.4131288785327;1.96936820245084
;41.3599490103741;2.06382684605776
;41.448860681416;2.21765635915002
;41.4503022151018;2.21908343344345
;41.4521565432159;2.21904965904781
;41.4467729845993;2.21490600972024
;41.409181700672;2.14368488626831
;41.4089058048596;2.1433389549212
;41.4111957008295;2.14374462745119
;41.6114680537224;2.28931350961591
;41.5338432220047;2.17619502185505
;41.4374560058276;2.19144524086231
;41.3125440005092;1.99962913123174
;41.3123893974032;2.00299563104502
;41.3789751330637;2.17081659786067
;41.4472838936972;2.07100632555604
;41.38062835;2.06656025
;41.7467265198671;1.80683396699901
;41.7492252535658;1.84165864946358
Jardins de Mossen Jaume Gordi;41.4525642773255;2.21046244059391
;41.7445767136972;1.85969567502025
;41.7443157306065;1.85907409367242
;41.7550795272575;1.87568452042496
;41.7487297101167;1.87459736947426
;41.7485239342476;1.87426411924607
;41.4135599344079;1.97011262040946
;41.6171842220153;2.28275759971338
;41.7734314814836;1.79077813976623
;41.5329804595102;2.43709797558559
;41.5334759738458;2.4387290732655
;41.3871496002077;2.18059551651288
;41.3032481404798;2.00858547936564
;41.4798615159153;2.08387127779494
;41.4799911326512;2.08411120880383
;41.4167120177144;1.91292639525411
;41.3815657;2.0956287
;41.3845912647816;2.09341217085278
;41.4192534206308;2.09663810264518
;41.3870978149577;2.19036280667198
;41.42713142451;2.0891299918017
;41.5591605106182;2.09443283872361
;41.622339502272;2.68693846845224
;41.6229523;2.69460835
;41.6211466859521;2.68634764398034
;41.6181264330896;2.28924360280643
;41.6203972770131;2.29437607831331
;41.6200106700443;2.29416730172239
;41.4536463848523;2.22529110533623
;41.4533387201746;2.22570000269667
;41.4527969489831;2.22447642304937
;41.404579071219;2.1758945407769
;41.4030966;2.173035
;41.4030347869301;2.17320979878101
;41.4053687181345;2.17661898087143
;41.9389529132554;2.31432942668745
;41.4078461849542;2.17106735031035
;41.6026551000321;2.28307042462473
;41.2282954728749;1.74265761802999
;41.4184402491623;1.97314375435544
;41.4134398731475;2.16548567758372
;41.4128570241588;2.16480756550834
;41.4135154738283;2.16487783858541
;41.3987354870348;2.00167582150266
;41.5252229214272;2.36967772819768
;41.4006946331937;2.00820769497265
;41.2225511873602;1.75184221958466
;41.2302592973354;1.7438305325088
;41.6498614129636;2.29054818481923
;41.3695750175019;2.07484868239957
;41.3669381620683;2.07428070830388
;41.5385633234924;2.4396889809869
;41.5520188011682;2.10680473957022
;41.5518178252833;2.10689232347905
;41.4708952;2.0682748
;41.6095810272484;1.8429625673992
;41.3982969908554;2.00111669510844
;41.7588621056561;1.89637756543709
;41.6987813199072;1.97875060676751
;41.57305815;2.02824235
;41.6776787511471;2.22253674176582
;41.5353322610962;2.21333988938882
;41.5756964;2.02929165
;41.677760960689;2.20949744126134
;41.5899967484739;2.32186655898725
;41.5683262782847;2.52694373854395
;41.9471375060997;2.23686229658947
;41.5719375;2.0208141
;41.57046025;2.0202305
;41.5702293;2.02013965
;41.3047681476169;1.99804393814929
;41.304597556167;1.99387331828297
;41.3053965441175;1.99345102027518
;41.3078591826724;1.99905915424871
;41.4339738924696;2.14933598077246
;41.5779821425779;2.0102936576007
;41.2365627383459;1.75031454988924
;41.5705826827771;2.01611701823914
;41.4498165556231;2.23545263697837
;41.4503210851951;2.23585696560073
;41.4537282421212;2.23535085667713
;41.4490738340247;2.23403078247675
;41.4504014;2.23265885
;41.4466979103423;2.23858290016541
;41.4487282655874;2.23785072728214
;41.4556947333333;2.23899146666667
;41.4456668666667;2.2341332
;41.3229572305378;2.01244736812584
;41.6917659841121;2.49856327919203
;41.4471313476743;2.23586250765233
;41.5486049119974;2.21791469071943
;41.4248273;2.22623745
;41.42102425;2.21789285
;41.3732137403386;2.10097961566321
;41.5461787531847;2.21727263626421
;41.4228626597522;2.22808395320907
;41.426364428429;2.22230853891263
;41.4268739;2.22276445
;41.54244655;2.21877465
;41.2337506962158;1.804948134152
;41.5951797030332;2.40828001384324
;41.3692435920331;2.13636421911256
;41.5580282956801;1.99401960909357
;41.5554510436679;2.35505621725147
;41.5734137648846;2.00203222781329
;41.5330734385928;2.08677907868581
;41.4853112016852;2.03982464665148
;41.7220329675747;1.82316709779584
;41.7381396094206;1.83900770757881
;41.7307247314516;1.8233922289079
Plaça de la Música;41.2850862247931;1.98100496473612
Plaça Colom;41.2847823448735;1.98418477276673
;41.2826841526696;1.97908330868652
;41.2823652026476;1.97964974700224
;41.448147317608;1.9774057762932
;41.6752509749879;2.2117041404929
;41.7376529613685;1.8294587785153
;41.4356895682227;2.16886446059727
;41.736279968718;1.83037451826157
;41.3817348501947;2.17736073362589
;41.3805327040944;2.17732095518303
;41.7017310824041;1.78658817552193
;41.3771159223812;2.17299679429264
;41.4143644302539;2.10531828953268
;41.4324793166666;2.14359226459529
;41.6640036470408;2.13320254141567
;41.6780216102117;2.48315182069482
;41.3765537152906;2.16984837765967
;41.4089390029416;2.22169364581843
;41.410037303834;2.22196091683685
;41.4094892612327;2.2213262047447
;41.406925794681;2.21681973331519
;41.3949717955348;2.1751558043605
;41.39282775;2.19487645
;41.7277917391122;1.81744657024873
;41.3874848137392;2.11612552303633
Parc de Ramon Estrada;41.7222492737512;1.83312374899774
;42.0961910212063;1.84018099292582
;42.0967560283477;1.84147460649765
;41.67934645;2.21061735
;41.4326430383179;2.16765654825146
Parc Oliveres;41.507532221496;2.36148069545352
;41.8611730329977;1.87812081275921
;41.3854261633579;2.17448444584343
;41.397769223969;2.11970403988831
;41.3181055051696;2.09052469087949
;41.7348793663313;1.82790574807869
;41.4178377346055;2.18616121818866
;41.3668147676067;2.1454387448225
;41.67902505;1.85448085
;41.4222715682651;2.15796204135661
;41.4387654321377;2.14775096873155
;41.403302487857;2.17023844892105
;41.3997487301614;2.16923992734158
;41.4014212;2.16701455
;41.4023111358825;2.16585384043385
;41.3608357280267;2.08278356830768
;41.4390353004259;2.17800660269703
;41.4425543249294;2.18372442012136
;41.4447913317648;2.17903079889701
;41.4314409;2.18193106666667
;41.4113424489503;2.13516450364804
;41.5749846910217;2.09009295652958
;41.3664214878825;2.08635207425272
;41.438181035879;2.17360640092358
;41.4380245865998;2.17220175732649
;41.4379782679221;2.17279414656939
;41.3777897241445;2.09489583469429
;41.3587186;2.0801139
;41.3588287263648;2.08012648177967
;41.3589156900223;2.07989677403586
;41.3589675197261;2.08012999629918
;41.3591650291782;2.07999841011568
Plaça del Virrei Amat;41.6072347187309;1.91879958663567
;41.5571343466526;2.01629029897788
;41.5710451503377;2.08573556657022
;41.6876911742296;2.18378238063029
;41.4768018619869;2.08440236984443
;41.5181007936713;2.35795970579964
;41.4142485329031;2.15475713298239
;41.31776825;2.0921279
;41.3184539848762;2.09280688714173
;41.3190926021534;2.09233644694738
;41.975602416764;2.39538952009354
;41.2136376854005;1.72331848238815
;41.2145720537169;1.7272374289122
;41.2166633923144;1.72744869883191
;41.2161981447802;1.73128394354884
;41.3615215304052;2.13455400968648
;41.423089713404;2.18602476335902
;41.4018989606941;2.14435331596679
;41.22222805;1.724251
;41.4067866821929;2.21741766254381
;41.3396173914605;2.04711254373146
;41.3400994379362;2.04632380614577
;41.219139503316;1.71197081861959
;41.4366496939704;2.19221508836064
;41.5448473786808;2.11757086092852
;41.5512313113137;2.09278134693175
;41.550907008646;2.09242278915465
;41.5512758979683;2.09241156778481
;41.4973409173414;2.17768077243295
;41.689292903541;2.48946626643376
;41.6066544126676;2.29152820987652
;41.4357450758393;2.2066858035086
;41.31488945;2.0916855
;41.3143028;2.0915796
;41.31371085;2.0914816
;41.3274786706277;2.10326031958621
;41.3263041490237;2.10397035901097
;41.3260283;2.10429905
;41.3226859204922;2.0986418857623
;41.3219940862235;2.09836247796735
;41.3246994596516;2.09975603040899
;41.3237512;2.1015514
;41.3163636985344;2.09767197666856
;41.3168276429729;2.10289477179357
;41.3131836833644;2.10691227571511
;41.3205325518068;2.08652283153019
;41.3233597946383;2.09193740295334
;41.3196405986318;2.09147773590932
;41.3242034812057;2.09374461696456
;41.3267569123645;2.10055931335089
;41.3246934185779;2.08724923873942
;41.3220593244677;2.08409773346638
;41.3184424664689;2.08484558494567
;41.3182833666667;2.0833178
;41.3163076389307;2.08445529205923
;41.3156532794991;2.08562177036101
;41.316874798425;2.08783482400889
;41.3174501970048;2.08788732307246
;41.3184021124586;2.08832608756498
;41.3246473521358;2.08961254757884
;41.3265494294466;2.09311751964296
;41.3257678544859;2.09344811840128
;41.3289550343908;2.09791417020875
;41.3221198690435;2.10241151303063
;41.3271041342355;2.09125954020687
;41.3279483773017;2.09090041797227
;41.3307166855166;2.09222911504617
;41.3301825013101;2.09603178136451
;41.3310585562625;2.10010512984508
;41.3332292921596;2.10027830345336
;41.5057051180104;1.69493567064349
;41.4438242242603;2.24592391722962
;41.41519055;2.1966575
;41.3735107921566;2.09131444747112
;41.5385411106345;2.11739240490207
;41.4195797893313;2.2044071922553
;41.5703505;2.0855129
;41.4078579475449;2.15410474095834
;41.5175372013117;1.70433614750795
;41.4136164294065;2.15433616090586
;41.4116966041075;2.15828220839559
;41.4220861533626;2.18312442426491
;41.4272927163329;2.18178027346371
;41.4290165308362;2.18119422309132
;41.4276221999119;2.18606228961337
;41.4179502976407;2.18740048037736
;41.4230376052895;2.18372078627456
;41.417876486973;2.18083492202394
;41.4165602383168;2.18075464658901
;41.615932239695;2.66981725904621
;41.6198599825864;2.6667459057044
;41.6190772;2.66819785
;41.6196629675759;2.6657573424918
;41.6158990956825;2.66893513209821
;41.6175995620577;2.27878600818431
;41.8496463695653;2.22896310502335
;41.8474668321728;2.22815049223732
;41.8518780749722;2.23459597886351
;41.5605724291185;2.00577466067004
;41.5605651170436;2.00617203963321
;41.25824275;1.777016
;41.2575103007731;1.76689761042126
;41.260840020665;1.77563690650535
;41.2627025655689;1.76985423932895
;41.3973588586194;2.20696560142606
;41.5560612238888;1.99267499969669
;41.4142958847459;2.19145954616772
;41.6214538895232;2.31201053122412
;41.5674324020276;2.51541437347928
;41.5657115673049;2.51669319724532
Parc del Patufet;41.5794037522237;2.51285784655453
;41.6777684045559;1.78724921939907
;41.3598506157489;2.08281734952404
;41.4360579691901;2.21979309654677
;41.5632658090002;2.03262293159602
;41.4357642189355;2.21935286299798
;41.61717025308;2.08808441215206
;41.3613647;2.08412005
;41.5399080271894;2.4261554997868
;41.72724015;1.8289963
;41.5974582844814;2.02677646656453
;41.550132539699;2.40735111695575
;41.385345760576;2.12997236742483
;41.5176366062553;1.89974948282371
;41.2268748594821;1.71690586892912
;41.2305739447309;1.72655963446287
;41.3747738851188;1.93370269175508
;41.3688999185343;2.01726552572014
;41.3676392147047;2.01766028767676
;41.3907478979268;2.01300559617508
;41.9212428907754;2.25293062213409
Parc de la Solidaritat;41.580662815341;1.63106883736973
;41.3598013151877;2.09791675088988
;41.6862516119419;2.283877616474
;41.3835440922946;2.12193239913741
;41.3106478067377;2.10905885131526
;41.3694853538758;2.02071142374788
;41.3946960045848;2.01117408376011
;41.3944938128764;2.01112630429004
;41.3942406462089;2.01141198601807
;41.3654071392896;2.01202830306519
;41.4408605739837;2.23146621485591
Esports gent gran;41.3786119622783;2.01153318509945
;41.4230016885088;2.20840728695702
;41.4199973584266;2.18102009519587
;41.4213076940395;2.18285171103202
;41.4185929;2.17442183333333
;41.374014958694;2.15892154442216
;41.3619797703917;2.02862581118929
;41.4120534874665;1.97161919839294
;41.4114789;2.21807313333333
;41.411103744028;2.21661775648496
;41.4121827549215;2.21731390661132
;41.4147409562857;1.9658987324239
;41.8602412052521;1.8723932067916
;41.4147863836294;2.21399349718771
;41.4150598;2.2136434
;41.5059039983985;2.11947729525239
;41.5065025827971;2.12051918564212
;41.3575374722108;2.12867502173712
;41.4244711148003;2.20198762059591
;41.387006487387;2.19357638217172
;41.3872074883077;2.19325067815849
;41.3899455483651;2.19889591652225
;41.3902127;2.19924305
;41.9972389704545;1.88674971224444
;41.9308354102312;2.24809546866958
;41.5149844333333;2.38074836666667
;41.396445;2.0115371
;41.3498019531798;2.10879244675788
;41.55352145;2.0956551
;42.222626060084;1.89509207516907
;41.4956410597583;2.15319588876757
;41.5069141137762;2.15576574477309
Plaça del Molí;41.4995365796509;2.15681986398619
;41.755697650599;1.90082296708787
;41.7530180950086;1.90644914349816
;41.4965893774722;2.15489118993853
;41.3513924122634;2.1097763253336
;41.3486273088393;2.11064699832065
;41.9512964790034;2.24672080302407
;41.5220731281649;1.75344812877853
;41.5222686700487;1.75392967652169
;41.5238754648027;1.75495323753533
;41.4863459915831;2.03602788487767
;41.484229442981;2.03502119216568
;41.4844748096618;2.03692405946069
;41.4409867507557;2.16661376749844
;41.4385055956564;2.16626628552913
;41.3336340815253;1.76508472367918
Plaça del Doctor Francesc Moragas i Barret;41.610629917589;2.1350868803347
;41.5664494421552;2.02568319084792
;41.4389333547665;2.21957996442332
;41.8504597736292;2.23239398732456
;41.6122845180877;2.13157062526578
;41.6135030333333;2.13584536666667
;41.6104925;2.1392666
;41.6088526705508;2.13389775477623
;41.6104809505001;2.13470004141497
;41.605980770043;2.13967872965521
;41.606532969991;2.13949912225525
;41.6037794759755;2.13559117194208
;41.4124416329429;2.16243730422645
;41.4526897400003;2.2079115767819
;41.4483912709365;2.19015199840998
;41.4482923757384;2.19015360831149
;41.37650925046;2.11883464922464
;41.3758807030772;2.15412805571109
;41.3760348793355;2.1546245535125
;41.4555200144885;2.2252299720622
;41.4708886676091;2.08526612079635
;41.4526716980536;2.2207892041692
;41.4548152181226;2.21695982388771
;41.2374989613404;1.81749318318364
;41.6825168289756;2.47959636573766
;41.6824853537816;2.48035349682331
;41.5926171880716;1.92737102497685
;41.5921076336542;1.92452685612194
;41.6011019197393;2.34806297871873
;41.399685262444;2.00693478605584
;41.5425546189079;2.1157482332978
;41.4059053025364;2.18289173371217
;41.4046070428572;2.18176598095238
;41.9347341365058;2.24858885412317
;41.4599996928364;2.24867537902182
;41.4283179395689;2.16930606085864
;41.3636551457245;2.1402642249307
;41.36313235;2.13507235
;41.3843176082123;2.16909001348342
;41.3628928180555;2.083895941556
;41.4290018978123;2.17587673151745
;41.4293107715286;2.17564906558694
;41.36364485;2.1359512
;41.4379059869052;2.22045962999051
;41.6118026459786;1.84394918091596
;41.6122233362309;1.84379945054712
;41.7489919099858;1.84190069462121
;41.4031978289322;2.1300982490244
;41.4040087794423;2.13222388970297
;41.4015794473916;2.13343064913927
;41.4252915504414;2.15606464210779
;41.3828960376577;2.04619240175656
Planeta Màgic;41.9432107580061;2.25805899611153
;41.2732801664595;1.97438967479417
;41.2729391364237;1.97482607612224
;41.4750879582941;2.06688235427839
;41.6722495587179;1.86242149951274
;41.6840544108437;2.39002496343862
;41.415819262843;2.16751318948207
;41.3473188687623;2.0203995144174
;41.3724689061957;2.17353034523992
;41.3720457;2.1728998
;41.5693162238778;1.82749711514289
;41.5977471733213;1.6983868920257
;41.3846107798765;2.1721523565853
;41.442067677141;2.16947566965158
;41.5604577522325;2.09985742805626
;41.3826522762786;2.19348185146925
;41.38156465;2.1896909
;41.3813021313544;2.18979425237312
El Patufet;41.4049286656645;2.19797088756057
;41.3713869287053;2.16857721605634
;41.3781423108916;2.18015799150334
;41.4553625924251;2.04173299136619
;41.3890005359809;2.19762555835888
;41.3828766526123;2.18302206168551
;41.38312890519;2.18320191669737
;41.4090906111894;2.19085616160084
;41.7236687980529;1.81783996750358
;41.49242325;2.1367292
;41.4933498860798;2.13548299016364
;41.4937948744851;2.13513538129223
;41.4196290511505;2.20524931126113
;41.4276765968383;2.18783476939441
;41.413012845012;2.19209466440712
;41.4136526615513;2.19509802689273
;41.4175031333333;2.20508083333333
;41.4157435390748;2.20275076903359
;41.4135521008764;2.19977725771048
;41.412503298565;2.19824949885518
;41.7209236850902;1.81713644120957
;41.2196137966473;1.71414337216303
;41.41174035;2.01740565
;41.4073586166653;2.19401799949996
;41.4071102833346;2.19368885048813
;41.4093890925793;2.19548136905314
;41.412358090609;2.1995344266879
;41.4148943179778;2.20286005531766
;41.4147224;2.203107
;41.4145733864948;2.19895899767209
;41.4108737220227;2.2116054622523
;41.4189044;2.2035031
;41.4185662103368;2.20395639215434
;41.5658604243581;1.82399613419288
;41.5274442324438;1.85210656327252
;41.4201663;2.20148725
;41.421638913256;2.20048751983328
;41.4218671273034;2.2035487716463
;41.4215866283291;2.20187926577725
;41.4214940308583;2.20088144806418
;41.4236451647129;2.20064608815673
;41.3431618903649;1.90017686828595
;41.3697534593473;2.13731771259501
;41.3878947029566;2.17917951524274
;41.4351130198645;2.20403844490386
;41.4339322855713;2.20707470423452
;41.940399836795;2.24345392158106
;41.2029937182927;1.68283747182927
;41.5175834613371;2.23398079255636
;41.4315634;2.17533796666667
;41.6184379666667;2.66147974042904
;41.4314473048423;2.19332633641502
;41.4327975266675;2.18615551525178
;41.3976260902244;2.00983729009639
;41.3974699775004;2.00977879572151
;41.3971457194938;2.00993923913224
;41.4286651783199;2.16546826071016
;41.4290786788695;2.16617872609598
;41.4305303612992;2.16410916719733
;41.4331537296894;2.16357632142819
;41.4335092525441;2.16383239599647
;41.4315003825575;2.15448551944164
;41.6017563564053;2.28823435201742
;41.6066170702104;2.28115950216944
;41.3831771508047;2.10416609772966
;41.8644171009891;1.87623564931797
;41.4227738108852;2.21385090324956
;41.4178956124858;2.20903971698527
;41.4057705866411;2.21724475091153
;41.5090031942273;2.15139992387815
;41.5088130185441;2.1509843082252
;41.4264864;2.2278153
;41.4119159206778;2.14307247703289
;41.408555818725;2.14846612209341
;41.4084179666667;2.14856606666667
;41.85891864372;2.23397042477361
;41.4073705001034;2.18994672760879
;41.4313212087348;2.1852507226999
;41.4564740213171;2.25697720203441
;41.4585054699451;2.04887830507627
;41.8601676913411;2.22859138373149
;42.0429120156215;2.27361390400082
;41.9296781667314;2.24389779206164
;41.3720773255692;2.17245938767754
;41.5719634557965;2.5275185461868
;41.573653179091;2.5262308704603
;41.3623742259529;2.07598934036131
;41.4121332;2.0243001
;41.4221995793359;2.23137296194917
;41.8377676359493;2.28103672449497
;41.336199677243;2.04554093287495
;41.5641676694551;2.51211126532769
;41.564504375746;2.51186693044368
;41.5522612249313;2.49152421582551
;41.8348524490909;2.27442793332807
;41.6932411473496;2.5015083342553
;41.6929102486067;2.49782002037021
;41.689113483793;2.49542237064004
;41.6893484630585;2.49696998044404
;41.38275175;2.0697655
;41.340751850521;2.04175873588831
;41.3405612493;2.04189473454526
;41.3403217359622;2.04196844382361
;41.3499966084757;2.10698026342415
;41.4284271685835;2.221720627539
;41.4292117255549;2.22044939194838
;41.4305299034344;2.22165624391081
;41.3772621230097;2.05694215119476
;41.4688710215877;2.04586070466313
;41.3608372671502;2.08274068656946
;41.3596534820318;2.07862039593867
;41.4091675568302;2.02368036326449
;41.410960502359;2.025520392063
;41.3949596898019;1.9620448260473
;41.5925620602015;1.83566624221613
;41.40770265415;2.18990457816975
;41.4072617495821;2.19033240901083
;41.4678942933921;2.04697107138451
;41.5578608241296;1.95492054848078
;41.5527243711115;1.95094330853447
;41.5565683977212;1.95428674926436
;41.5587370412693;1.95396993098734
;41.3193414885812;2.09457795478207
;41.3220124832531;2.09298096991781
;41.3221154354178;2.09323517716369
;41.3987173701136;2.14528379290174
;41.4565160748863;2.251016954698
;41.4570778134214;2.2510648207879
Passat'ho bé;41.5495458541602;2.26709954430828
;41.4537594351022;2.25354226814479
;41.5295596439397;2.18822825445087
;41.52942360191;2.18792056749259
;41.4399668617125;2.17866894663362
;41.412327687893;2.1948560638192
;41.4119807926341;2.19532628031705
;41.4400513542163;2.23549452030237
;41.3764918758837;2.11137868249429
;41.4036903666841;2.14751765035606
;41.49136245;2.14567865
;41.4915873826164;2.14497202178812
;41.4899563393994;2.14358864285652
;41.4920480506136;2.1461464982518
;41.630301584462;2.16771536383017
;41.4457555718979;2.18108493891553
;41.4482181053743;2.21212744940444
;41.3597987998249;2.08327162752641
;41.3619259352179;2.07918616258459
;41.4443913955056;2.20837968034048
;41.4537489801321;2.20674073731537
;41.4516768280873;2.20805076055993
;41.4513957268624;2.20799095200664
;41.4516279836692;2.20785164731518
;41.4484657206651;2.2101683560632
;41.4482865560301;2.21004936858469
;41.4466265565355;2.2159708283485
;41.542724497474;2.08505384070714
;41.3360516847186;2.04535780129099
;41.3352617098467;2.04453005681069
;41.3439802501549;2.03538080729115
;41.4726960963144;2.09342873761949
;41.3989454470324;2.15310294265945
;41.433344590626;2.15416473212378
;41.4195216734726;2.17060597379934
;41.3576015207401;2.03232144306628
;41.571353852956;2.08374719711965
;41.5602456153265;2.08912222832162
;41.5528427807899;2.08617454383919
;41.5532995312431;2.08687999884086
;41.5533245219176;2.08665183954687
;41.551859082692;2.0831372545612
;41.5516717340043;2.08340128014211
;41.554169012241;2.08602415017062
;41.5544615899071;2.08685832430663
;41.3863738238502;2.04209737388187
;41.540743894635;2.42111569568624
;41.5379404081369;2.42243120471539
;41.5390118092845;2.43160457655008
;41.3645598083257;2.08258363877569
;41.5582322215409;2.08626789408302
;41.5577141890268;2.08658627636183
;41.4129173940829;2.01703025558999
;41.3624170666667;2.06210673333333
;41.3685646458352;2.11780929013834
;41.5536681738671;2.15736148292771
;41.3769389196776;2.09038706151793
;41.4820251;2.32473205
;41.5139979141215;1.90178545074441
;41.7367379771087;1.80247768632719
;41.4751787350314;1.936805042479
;41.3864748695539;2.11320004368887
;41.38660545;2.1138015
;41.5388810199338;2.42256859591066
;41.6709146951712;2.28713075575038
;41.6703062086103;2.28614270418375
;41.7298981549948;1.83441467353576
;41.3388522854051;2.04547303903041
;41.338781916394;2.04535573954224
;41.3854804642576;2.13834213739083
;41.4741688461161;1.91038807862566
;41.3831365650472;2.07030416557829
;41.2265885311325;1.73128278950949
;41.2847354993028;2.09836056557286
;41.28449845;2.0976146
;41.5391161828076;2.26128190229325
;41.5357580936186;2.07216432677057
;41.7172351928275;1.84191202953703
;42.0073008483644;2.28679376580524
;41.4845003862122;2.33989981628282
Plaça del Sud;41.5516464510076;2.26644537803786
;41.2270453099267;1.74823639633692
;41.2264159224043;1.74831323977926
;41.3204959875148;2.01573605388554
;-23.6192188229637;-46.5542505121989
;41.3565778633331;2.03331662990576
;41.3576492707238;2.03256629337912
;41.3286372674652;2.04842834550602
;41.32848265;2.0485628
;41.3283276468747;2.04869753264173
;41.6676076345127;1.85206504677886
;41.6259188932099;2.29854235857122
;41.625805012712;2.29845628970033
;41.6234461681421;2.29401292026493
;41.4129379529951;2.01501735325596
;41.6638450800552;1.86443290860124
;41.3866352037169;2.13664841358902
;42.0030452513752;2.27694910051557
;41.7296844685486;1.83197037155959
;41.6346830282768;2.2987174970641
;41.6349115070622;2.29615338902531
;41.6307042588094;2.29861269317125
;41.6308424849013;2.29866301639962
;41.6330091107185;2.29578247650499
;41.6286271562428;2.29617125999861
;41.4019497370754;2.20519234400746
La Caputxeta Vermella;41.3926372502917;2.18894022768301
;41.2431256208774;1.80483491735067
;42.0080038742821;2.28865054693577
;42.0093515035167;2.28115083020183
;41.4183318327289;2.17536099679526
;41.5771306666667;1.60640323333333
;41.5776788701175;1.60621719586941
;41.5723122425559;1.60489586302088
;41.4688949990651;2.07905195686112
;41.47151475;2.08242915
;41.468922;2.08852313333333
;41.4387319179352;2.22246254349624
;41.4389519976279;2.22252928265961
;42.1053981746213;1.84728918681681
;41.4538166897087;2.20535373908142
;41.4592456660785;2.24568523980235
;41.5698478848355;2.00106463146502
L'Anella;41.5293656813401;2.18900385239975
;41.3217237562466;2.01509034306156
;42.0647243514904;2.24468772713435
;41.2060713940248;1.68642982281655
;41.6116272860652;2.08148069654437
;41.611379889994;2.08155160344487
;41.6102254526549;2.08443556404828
;41.2257440952188;1.69578136886817
;41.6096155061999;2.08703795518936
;41.60707375;2.0879151
;41.6069238980371;2.08802438291728
;41.354365717953;2.1111169276694
;41.354463851143;2.1125913097368
;41.2221024040787;1.71781601424181
Olilmipic Park;41.6374624648207;2.7287747690922
;41.4916748684825;2.03067203704636
;41.4916271570344;2.03000580583487
;41.5684252166734;2.08755310119657
;41.3767692456762;2.16683119093105
;41.5315997104362;1.68840261130269
;42.0072921866142;2.27907751078746
;41.5004627739391;2.15911378892077
;41.3876027753136;2.04708703932438
;41.4532146640247;2.23648918265061
;41.4532770931824;2.23664573789795
;41.2143703095363;1.72650261425599
;41.4411771;2.19790065
;41.4273250793489;2.13525279210463
;41.2160722541201;1.72551266942479
;41.5950084170634;2.18016178250163
;41.2160208553199;1.72772165939319
;41.592712257323;2.1792756336207
;41.3728094659539;2.14110471043504
;41.3711093244208;2.14122739591971
Plaça dels Colors;41.5457591990673;2.26702442327921
;41.2183357898303;1.73381827470981
;41.2170071530662;1.73243521847994
;41.4145957172119;1.93026487453014
Parc del Cementiri;42.0030596788203;2.2810176105355
;41.9953922066969;2.29410513759972
;42.007688072539;2.28342046826942
;41.4395544095911;2.22487370893515
;41.422555419638;1.91764300368975
;41.2190298792291;1.71836480897457
;41.3516530021642;2.10798855923147
Leo Messi;41.4289188175346;2.14278620098394
;41.4766638744048;1.91178945890084
Parc de les Tres Bessones;41.6985533111571;2.71579949546791
;42.0333666726261;1.88121399383301
;42.2357004418146;1.87671741264451
;41.3205937273797;2.0187531971388
;41.4149786;1.92258155
;41.4247346948793;2.1394121654245
;41.4196197873812;2.18366993645786
;41.5400423904653;2.43013095279149
;41.5422416747092;2.42077648046763
;41.6125531239682;2.09187024793055
;41.612941170046;2.09164710526605
;41.6153940584292;2.08565735251374
;41.4294659580552;2.1427396314501
;41.4261993073577;2.1363548452471
;41.606186274449;2.08260703882962
;41.6136003466939;2.08572635336447
;41.6197582793495;2.09670863803697
;41.616858;2.0893322
;41.4413965062476;2.18980542364785
;41.440896563411;2.18983424626303
;41.4413570411754;2.19258451307057
;41.4347447156887;2.19083384289137
;41.4395627803078;2.19269423450309
;41.4405761408338;2.19269782615413
;41.4399952748908;2.18124275873221
;41.6170384271557;2.08789390141932
;41.4320763869246;2.16512053110167
;41.2209025278071;1.7302467321603
;42.1666802317215;1.88433674758461
;41.5737064974661;1.63556581381422
;41.5157266338431;2.24015704918514
;42.1512990601935;1.85661788766743
;41.43759045;2.20368825
;41.4379275;2.20360055
;41.3954503661803;2.12583552429474
;41.4068623;2.14783045
;41.396683690738;2.16288957240153
;41.54401485;2.1160236
;41.5459294389016;2.11525170950106
;41.3616816737275;2.13544698695964
;41.2172117683507;1.67987599418839
;41.5457827297203;2.11434260754962
;41.5413850108954;2.1159747727491
;41.4629261620524;2.18386252616798
;41.6128429322189;2.0832772242829
;41.5316641106625;2.07653725401059
;41.4490648042421;2.24373006056483
;41.4436989579759;2.22169001353858
;41.5641508390864;1.95952401053674
;41.5257113925503;2.10818599264091
;41.5243685202494;2.10963540038561
;41.6159382029099;2.09207147910315
;41.6074633571933;2.08779239447089
;41.4535215648525;2.19348401955654
;41.6103573;2.0875435
;41.6097588194508;2.08337410776687
;41.6632709489007;1.86143465427943
;41.462739129437;2.17848865652097
;41.4582960403255;2.17694940732819
;41.4584742343271;2.17680062981261
;41.5355596;1.87153485
;41.4069460856789;2.15552987385128
;41.4248928242933;2.18607891662804
;41.4234251045308;2.18770528174212
;41.40821945;2.20492115
;41.4081072805125;2.20475436553534
;41.61993365;2.0908207
;41.6068820141494;2.08376263239625
;41.6073833315844;2.08360034998349
;41.4136394052305;2.18645056474619
;41.4932754122419;2.37082142484652
;41.4929503227917;2.36961484305879
;41.6188656611526;2.09123227407876
;41.6190737587681;2.09205580406155
;41.3800679102078;2.05499351447926
;41.43915075;2.2146918
;41.43874495;2.2141968
;41.6036958686949;2.08374109019983
;41.60391055;2.0835875
;41.368208245207;2.10684994169499
;41.5629831588217;1.81686047116728
;41.5015033895822;2.31926526185106
;41.6020608159685;2.08465291793339
;41.3657713668396;2.16696141991811
;41.3657577592998;2.16694167048767
;41.447461489954;2.18601242063676
;41.6020907555278;2.08393923979703
;41.6172464535888;2.09078892085726
;41.6171390216368;2.09071618231771
Node Ludic;41.4034742827564;2.18505344068251
;41.5778068330015;2.16249513373968
;41.5947284096758;2.18451973003432
;41.4261879;2.22361515
;41.6117382781245;2.08328829023375
;41.4381860402643;2.21638803854464
;41.6200302121431;2.08564277137561
;41.6193693170316;2.08577421016135
;41.6078325668954;2.09235243155058
;41.4854800231885;2.30717204408939
;41.5966024;2.17779715
;41.5877270529108;2.1760706968868
;41.5875235631441;2.178259082543
Parc d'en Patufet;41.5898434795705;2.17648194378416
;41.4859248891737;2.30947899778415
;41.3491967005393;1.6977299621932
;41.3442877407351;1.69923871981021
;41.3423961743959;1.69787368574596
;41.3512033704608;1.70123225890544
;41.4404895729936;2.1874927660102
;41.4406796140239;2.18758964105316
;41.4183297511246;2.14662456816685
;41.6069869741898;2.54256040736574
;41.5392835570556;2.44835464406001
;41.4842162157422;2.18286782568644
;41.4778788039714;2.18545834197728
;41.9733828690811;1.8784003338325
;41.2202328315439;1.72280452713888
;41.3536241662235;1.9762793898945
;41.462442714221;2.26708730145517
;41.4260642858703;2.13573742409474
;41.4262798057191;2.13529115894789
;41.36726585;2.1410219
;41.3907213891498;2.01159050722707
;41.3832769236146;2.0391142083866
;41.3831333510918;2.03912441392343
;41.3877501246437;2.04541194539572
;41.3817457677617;2.04617648450695
;41.3834013433684;2.04040627172243
;41.3745049;2.18908285
;41.3774229520267;2.04069776520511
;41.3769055085038;2.0414866375778
;41.3791561685756;2.04809306987962
;41.3796467;2.0394173
;41.3767494502847;2.04159777664714
;41.385007831105;2.05652504923722
;41.3847977879761;2.05600070877092
;41.38728615;2.05351415
;41.3842549515378;2.05030639798823
;41.3855542776669;2.05421507142841
;41.6891426796857;2.16461693541008
;41.6319993694031;2.16282847764549
;41.3769378210841;2.05797690178037
;41.3800915346458;2.04226725460163
;41.3910727348409;2.04768981433386
;41.39197959136;2.04564787806074
Plaça dels Germans Lumière;41.3148024442552;2.01177411995418
;41.3173518991951;2.00815608629712
;41.3171096835385;2.00777508238093
;41.3164385937567;2.00565035410876
;41.3163649084279;2.01510930976402
McDonald's PlayPlace;41.352868560536;2.07694648498748
;41.2667169773437;1.95701065930388
;41.403243607999;2.00119231965771
;41.8623699724223;1.87747089061273
;41.8618585634869;1.87629017420046
;41.5371277654702;2.11983568654434
;41.3868051379283;2.05873803906237
;41.3753645920902;2.04809056707762
;41.3757662577798;2.04712225892123
;41.378287368405;2.04136044188182
;41.6306133459476;2.16603609858298
;41.63288593596;2.16215667685168
;41.6341519657309;2.16311865757172
;41.6018133346367;2.62481408410414
;41.4357204658477;2.21674676113616
;41.5960371505475;1.89435124865245
;41.6141042755524;2.08639219745248
;41.690794520532;2.16682693804925
;41.5413922636364;2.10728735086942
;41.5376254519572;2.10639691891076
;41.4208254817107;2.13987755554222
;41.5654961359431;2.09681873707511
;41.56136945;2.0870145
;41.5598121637991;2.07903052250887
;41.5651383047157;2.08611749992546
;41.3655173500009;2.12770521087317
;41.3648844171655;2.11830632841766
;41.3655030747916;2.12124448115684
;41.3631545170788;2.13029031820335
;41.3661659584612;2.1306956152144
;41.3674006840843;2.13116889813052
;41.45547725;1.96110125
;41.5434541689846;2.11936918385466
;41.3642647785129;2.13030329313129
;41.3580787405817;2.12551520159583
;41.3652380491692;2.12487414444346
;41.3582510111969;2.12058608421176
;41.7975997256326;1.94924475278377
;41.8587676033102;1.97320278154358
;41.8647703663904;1.97284397229721
;41.7976265741223;1.95469142864844
;41.6066029585247;2.28519998030266
;41.359904521833;2.09655561426122
;41.6012152271235;2.17820765403415
;41.4265041597554;2.13766599351804
;41.3644180615798;2.09540381722778
;41.9326583682633;2.25961789213693
;41.933264747569;2.26046083203069
;41.2838718467773;1.98037135248129
;41.4960489419326;2.1320745043866
;41.4964628094653;2.13325626879874
;41.4849159049813;2.13304636982975
;41.4850239420153;2.14511112180549
;41.4892575813736;2.14681281790668
;41.4935330211501;2.13881305289103
;41.4928643161075;2.12705807306003
;41.4859199695771;2.13341027291944
;41.4864647128734;2.13950303103368
;41.4934657505367;2.14090449870111
;41.4942222762867;2.14075263729727
;41.4949176656715;2.14138713317091
;41.4965065952878;2.14201060875619
;41.4949261566343;2.13325648836474
;41.498361473017;2.14327968005815
;41.4917695013604;2.13405563676578
;41.492356054038;2.13325713023952
;41.495963160539;2.1304905902013
;41.6096425566232;2.29137306647794
;41.3636895172667;2.12806032839054
;41.3634915964529;2.13084359704133
;41.34708735;2.0464342
;41.6285929818364;1.86216964369361
;41.6906185795612;2.35697248866235
Parc Infantil de la Pl. de St. Muç;41.693755883726;2.35461131939809
;41.360928826691;2.13349516855631
;41.36125835;2.1329364
;41.3583167409936;2.13160380664769
;41.3680375894438;2.13056859568919
;41.3671132790267;2.12225479114807
;41.4098133667297;2.15305471829766
;42.2512584155863;1.86025935964064
;41.3793339889993;2.19158030631471
;42.2391711832225;1.87531358115509
;41.8629800943117;1.96928215780807
;41.3247558255362;2.01220213858647
;41.3714719263144;2.14144204261492
;41.2247528800406;1.73410683964587
;41.4016102109577;2.19384523112559
;41.6095221494393;1.84951495144851
Plaça de la Bauma;41.6219985015001;1.86590458502907
;41.4156803869259;2.13523430240973
;41.5228498483282;2.18762896131097
;41.4907749560299;2.14169418972774
;41.9276004689454;2.27766989264011
;41.9267694369303;2.28507163081327
;41.4983149529554;2.03383241833672
;41.4984767326754;2.0332436266095
;41.5022518331833;2.03667060122109
;41.5012323305037;2.03740723563665
;41.2360616971918;1.81581452027743
;41.5015734;2.03556666666667
;41.3687415857774;2.09014047637711
;41.4901251813189;2.14247078939459
;41.5088917293902;2.04671550780292
;41.223911;1.7432271
;41.5000401497057;2.03967117722801
;41.4945235752065;2.13016853291749
;41.4991750087415;2.14035367185128
;41.4989915622399;2.13792305853257
;41.4992353998842;2.1381442580251
;41.4983880387679;2.14364857366123
;41.4940074938914;2.13228982373247
;41.4937410132244;2.13219700979543
;41.484711690238;2.15404798578995
Plaça de Federica Montseny;41.4903411881966;2.13769583357469
;41.5028569532648;2.04666138275067
;41.5028184435651;2.04684411869479
;41.3264531245573;1.61672172528301
;41.3257738610327;1.61948285437444
;41.80067825;1.95554125
;41.3832647467615;1.72075461000843
;41.360164240296;2.12390086113402
;41.3599030792809;2.12405815986475
;41.4923405795839;2.03629746013852
;42.0065135277859;2.29087874480393
;41.3661396775031;2.11970391651896
;41.3606764416783;2.12065539878129
;41.3612962595522;2.12026132118692
;41.4402926255448;2.1535236599979
;41.4212302872734;2.2112973037919
;41.36104835;2.12945385
;41.5026920870505;2.15309757192193
;41.4911148033903;2.13324092591063
;41.4948562585348;2.16282235300146
;41.495238182684;2.16235424096962
;41.3752308225505;2.10831634643727
;41.3558139192714;2.11906848985894
;41.3566484;2.11882605
;41.2445703638327;1.61720163977099
;41.8680381880964;2.2836792930079
;41.3092180127984;1.6030632591178
;41.3210051374538;1.65964990643263
;41.4658348119508;2.23878007511589
;41.3217242009318;1.65638934972058
;41.4747986852762;2.08986079985422
;41.4767944888142;2.08817297896116
;41.3251747775733;1.66526570381702
;41.324235425802;1.6636307196387
;41.3245179192917;1.66176510234185
;41.3683248252511;2.10745361323236
;41.3308561832881;1.65044164606338
;41.2198040573915;1.7163334805236
;41.34737075;2.10880915
;41.3689214066013;2.13014073352035
;41.5053254232797;2.15320959757392
;41.2549241666667;1.58911176666667
;41.309031500949;1.64622784244356
;41.465648247086;2.2363488339985
;41.6647467170238;2.37142301596526
;41.3677129744781;2.10935230842122
;41.6097905535959;2.28250318264511
;41.6097171745283;2.28240203102961
;41.317621169005;1.64596577412323
;41.4260619979486;1.790845196717
;41.4744946251421;1.93116063511986
;41.4209982773225;1.77987588496737
;41.4295357470995;1.7899158985614
;41.4274288286172;1.79105597611632
;41.4807413834378;1.91856550086315
;41.5875022843261;1.60818732188926
;41.5875502762529;1.60808574367222
;41.360893288085;2.10821441033248
;41.4192694090298;2.17090734287129
;41.419037051274;2.17115264833022
;41.4222164925563;2.16344623406012
;41.4109671774174;2.1288517199962
;41.4768691976814;1.9287803360946
;41.4837342062425;1.91533836384305
;41.2251526295547;1.7318500372912
;41.3725957884826;2.12401764246934
;41.3794726168797;2.06135754901307
;41.3839927;2.0781416
;41.5489267102576;2.01731743628592
;41.5539972534805;2.0124682215742
;41.5543363;2.01240525
;41.379778195571;2.16681819340267
;41.3761883735073;2.0819390518577
;41.3826239654158;2.08140408107843
;41.3821940981296;2.09373403704126
;41.3844741342443;2.08506141633111
;41.3656413539045;2.09928438115763
;41.3661849314298;2.09952549821344
;41.3647071499358;2.09928454220226
;41.3723439045809;2.10635151548584
;41.3696839824319;2.05790634891615
;41.3713322918077;2.05685344791246
;41.38297585;2.0552196
;41.5478052103791;2.09302441521386
;41.3815818387989;2.08076988375919
;41.3784361119931;2.0740658233938
;41.48812665;2.2936423
;41.9145876886335;2.2565862546881
;41.5130571051821;2.19494439788755
;41.2273842417172;1.71782989277434
;41.3583922694222;2.11495349152224
;41.4810528144817;2.31021570486053
;41.4824238376264;2.32936695531136
;41.6190489961564;2.67000668852962
;41.6206461645001;2.67092371270824
;41.623581227952;2.66699136813545
;41.6272974010262;2.6710280162655
;41.6274650901117;2.67143743487833
;41.6257257470509;2.67884012075546
;41.6253012836693;2.6834021949275
;41.6248097282694;2.68644655661187
;41.6263593122752;2.68863038914248
;41.6262746433581;2.68888124494168
;41.6176782622006;2.67500267125696
;41.618885442533;2.67437106390405
;41.6215408951644;2.67230252565919
;41.62627855;2.6944556
;41.6281239340747;2.69404276493625
;41.6327869211754;2.68861537495806
;41.665289786582;1.86111114003715
;41.5405908489044;2.11390502547015
;41.5450861934688;2.2163310039765
;41.5542816870783;2.10647741810386
;41.5511491841306;2.10094468602436
;41.63325285;2.69449415
;41.63120045;2.69476845
;41.62560925;2.69890655
;41.6233104650717;2.68942414920359
;41.6270212931418;2.6978381330216
;41.62604371588;2.69551458877007
;41.6296065412147;2.69478401750856
;41.6297458815063;2.69412039992358
;41.6257871;2.6972232
;41.629107194303;2.68827671269335
;41.6335376699305;2.68868708566458
;41.3844997697374;2.0031259934223
;41.5461537148742;2.10755628724052
;41.3731952321478;2.09843628520378
;42.001634279852;2.29188110345435
;41.5358893935644;2.03885069940285
;41.4108700772115;1.97135108964623
;41.4786991522483;2.26959091637961
;41.4909083215287;2.02966379135234
;41.4251659068195;1.78550127372906
;41.572341194949;2.09240714875339
;41.3763039735073;2.0822143518577
;41.5875590355491;2.1761854783724
;41.4373166688842;2.18805760197076
;41.316815678447;2.02819665755332
;41.3169181428997;2.02798237573695
;41.4525454640473;1.70104206981334
;41.3149335;2.00332515
;41.3864195705823;2.04935409036071
;41.608163;2.538841
;41.6081740197814;2.53874414830398
;41.5686051145806;2.52755357402735
;41.3390018331466;2.04628383785509
;41.4529041621421;2.20415383133779
;41.3776087512201;2.09397592008963
;41.3313388087644;1.91253926686648
;41.3320125065171;1.91932621225773
;41.3590518395663;2.00546895339179
;41.396484144073;2.00648703128679
;41.9165697947609;1.68414678291697
;41.63245705;2.29642155
;41.5262971557242;2.36569006358588
;41.7375521335267;1.80079051515561
;41.316532718032;2.01272206464055
;41.4108739842632;1.97135035210692
;41.7440832;1.80618705
;41.5317105682839;1.68424548418493
;41.6614059370247;2.4655750968924
;41.6523665604239;2.44071190590215
;41.5184111018277;1.89925188791308
;41.4524909724871;2.24714666379433
;41.4075329076298;2.13745389359291
;41.4931699396845;2.13328710302867
;41.5618175303156;2.09646680518468
;41.442312152044;2.17717838229755
;41.5449273929628;2.2662127463829
;41.5525208798731;2.26633661238721
;41.5523275220182;2.26643456122234
;41.5523140467225;2.24694701410357
;41.5403576;2.266006
;41.5403987936408;2.26612420534088
;41.5382787572032;2.21853021743146
;41.4263965864416;2.17412342131322
;41.483158015569;2.06593994654192
Parc del Patufet;41.4820805032894;2.06672953121968
;41.4819900695687;2.06603856140545
;41.4816010733971;2.06659940023102
;41.4851790429777;2.06541699611248
;41.48610215;2.0659914
;41.4334188183728;2.17117209982742
;41.3624790548518;2.12362756880948
;41.3626121367136;2.12349582436478
;41.3605963535131;2.1282460193006
;41.4100778457682;2.17951767212068
;41.4120354802252;2.18326281874423
;41.412026498497;2.18305049928744
;41.415953404358;2.16769555669858
;41.3940896272668;2.18042133015065
;41.39393245;2.18053905
;41.39477985;2.18198645
;41.5575250763231;1.98128295437751
;41.3590949745261;2.13698597136271
;41.3852300793809;2.153815317838
;41.3195717;2.0932887
;41.460828775762;2.2460498500443
;41.4122088;2.19503823333333
Parc de la Placeta;41.533970912313;1.77072055686987
;41.5337397056759;1.77170968135039
;41.5331669988344;1.77006819795766
;41.8495072740881;2.22715920985367
;41.4538229858781;1.96406024247603
;41.444981096262;1.97593465442729
;41.3634219;2.1173817
;41.3646978097517;2.11505465328909
;41.3652820133837;2.12966463616267
;41.3654267671645;2.12939538107332
;41.3657597922481;2.12636251624949
;41.3657810039121;2.12658914839707
;41.36738205;2.1235392
;41.5043466333333;2.1508142
;41.4372484198155;2.21916988234936
;41.4177157432742;1.54734721688649
;41.3787603624843;2.12430374114763
;41.413727396447;2.1968513685428
Parc infantil dels jardinets;41.5382441150545;1.76608541155003
Parc d'en Bató;41.5586655581149;1.52399014928057
;41.3493337297134;2.02606199477253
;41.344801913648;2.02844855288459
;41.3485102098588;2.03142881894609
;41.3486836528853;2.03147699999777
;41.3649565075776;2.11953549020744
;41.351276484091;2.03186244025732
;41.3808041454354;2.08501205161642
;41.3752397989383;2.08570102625958
;41.3707181642555;2.08870295160492
;41.3701145250983;2.08418680797787
;41.3701069922879;2.08345658085818
;41.3718513468553;2.08707381149508
;41.3729149662985;2.0874325767287
;41.3711411904354;2.08511872617263
;41.3712280115988;2.08524021789538
;41.3759783756867;2.07877275861286
;41.5343978400101;2.44231163651832
;41.5353852253524;2.44320233324715
;41.5354510356126;2.44329832182803
;41.5343510172662;2.43874640391057
;41.3492426135362;2.03509587379613
;41.2356342874215;1.79265096251052
;41.2235929632098;1.70370792120638
;41.5343505155452;2.43535448395731
;41.4890277082043;1.95499518901938
Plaça Francolí;41.4902831472994;1.95958947148067
;41.3552907;2.11645225
;41.3555235745809;2.11622549339349
;41.3528211603848;2.11663740446816
;41.352863510189;2.11643359348806
;41.4402386888193;2.22001530479772
;41.5305000630661;2.44433103299529
;41.6933564824789;2.49391044730815
;41.6864360639783;2.47959646438225
;41.8943560681763;2.24330782350264
;41.4168567031782;2.16422529155029
;41.3755605048418;2.08777642077009
;41.3781339449446;2.08809980262013
;41.3781089159353;2.09104886899737
;41.3791525701171;2.09055692973408
;41.3854264300237;2.0998560132872
;41.3843916321805;2.10299330467525
;41.3848448530313;2.10236143197003
;41.6950206811861;2.16616045359489
;41.3821829107095;2.07617327893756
;41.3934540482817;2.07515328882678
;41.3787063;2.08514336666667
;41.3871883611572;2.09903484274214
;41.3691179052675;2.08300488419136
;41.3743716199865;2.08487627885846
;41.3731789037099;2.07939958710989
;41.3730556219295;2.07926490186488
;41.3770401511409;2.08457502695454
;41.3775554626068;2.08769203069459
;41.3756940497392;2.09732006071473
;41.3745091533859;2.09795628227068
;41.3750339818381;2.09764199803489
;41.37244455;2.09501705
;41.3726006013496;2.09443861883446
;41.3735718976159;2.09368103082333
;41.3765821345584;2.092214516149
;41.3762627415765;2.09112333962438
;41.3799206;2.06846413333333
;41.3804958156829;2.06966567039948
;41.3804620471145;2.06980925923052
;41.3820870727895;2.07103819246373
;41.3809455760393;2.07542181696892
;41.4208631;2.15164905
;41.3785770689991;2.13814988522872
;41.895462105124;1.87628636809829
;41.4055362813568;2.16749645526791
;41.3883501810068;2.10348673410903
;41.6941805542732;2.16766601090461
;41.4476021554702;2.17917688289643
;41.61531575;2.29196285
;41.3732144501481;2.09822228057583
;41.373043829487;2.09809174353089
;41.2393772113845;1.80217846973291
;41.4928820190593;2.16854311706624
;41.375669797796;2.15308176075021
;41.4256086929221;2.15246413444899
;41.5282225387923;2.09049397199731
;41.5296369222338;2.09041052778025
;41.3706585656419;2.13117230479965
;41.686012486599;2.49543419741501
;41.5217326245393;2.12668140972417
;41.4309308766478;2.14665505035597
;41.422550502104;2.14658060285017
;41.3793869455788;2.13244601084927
;41.4123818413454;2.21590283188801
;41.6360680630379;2.16693917208283
;41.6357830094081;2.16656467836734
;41.4858078068492;2.13080099209363
;41.4912416364808;1.95556528619015
;41.4283106107748;2.15753587648694
;41.4282773642471;2.15727943330791
;41.4278645523307;2.15726492294362
;41.3666903931166;2.0774908841158
;41.4320420184693;2.17808990673216
;41.3837244602229;2.10207960295107
;41.3837557310645;2.10225613397313
El Patufet;41.3847532158645;2.10242806972723
;41.4372327882488;2.16713551089574
Parc infantil;41.6401761540824;2.16150891693197
;41.4736299339161;1.91817565096498
;41.4726944207322;1.91673013912787
;41.4729687149547;1.91735375982833
;41.4726787884184;1.91840941235245
;41.4727029244534;1.91943368804792
;41.4728574605809;1.9199044922622
;41.4749053451244;1.92014025511727
;41.4749509116086;1.92060148261564
;41.4774272202668;1.92457574995556
;41.4780922150019;1.92460206871006
;41.4749633640627;1.93335297093166
;41.4372593638684;2.16689540374263
;41.4371904785248;2.1674106739848
;41.4365759057191;2.16763905257668
;41.436479951688;2.16780018126339
;41.4022902740297;2.19709584736621
;41.4021968349998;2.19696521370184
McDonald's PlayPlace;41.4290142635396;2.21168481832824
;41.3780078288542;2.09883983448877
;41.3834516254396;1.93223586418215
;41.4927106999537;2.143181603659
;41.3549705546532;2.08498785801793
;41.3679443719352;2.10511534330848
;41.5666229143223;1.9729442202712
;41.3649453494348;2.10243240184729
;41.3654807193559;2.09691364279454
;41.9091062;1.88401785
;41.4717266807082;2.18525988275721
;41.4235892878864;1.6611983691316
Plaça de Montserrat Roig;41.4058685468015;2.02696758396462
;41.4736708353755;2.18618556505323
;41.4735416283321;2.18736084942261
;41.5367992706095;2.17701153466774
;41.5365273292133;2.18284241406722
;41.196925569201;1.6495030789876
;41.1968852589662;1.64852079846817
;41.4389088332718;2.23060839943935
;41.3577499387134;2.08708539814222
;41.3465577;1.71152255
La Caputxeta Vermella;41.5579490905981;1.60512369103011
;41.5783851632296;1.63018327174017
;41.3736007776988;2.04896723923039
;41.4739386021484;1.92957303559045
;41.8500750775608;2.22853506263
;41.8816524057082;2.24203890075832
;41.3191645809888;2.09645915494138
;41.3181239245972;2.09388338219561
;41.3178997495597;2.09554943618263
;41.3187942138715;2.09831040246613
;41.3195631884799;2.09880958260973
;41.6880584432524;2.31412391494643
;41.4168668269943;2.22491349661742
;41.5197386598243;2.25431100778032
;41.3651322029578;2.06072789755302
;41.6867381380243;2.28401045822744
;41.556856299455;2.22071697247842
;41.37970905;2.10751615
;41.37876065;2.107221
;41.37911325;2.1073317
;41.4222655476682;2.22407996750466
;41.4220554164828;2.22208711786698
;41.4426872141315;2.18895793084254
;41.6841659309455;2.28761774541296
;41.4241462300305;2.14150285972057
;41.4368568383876;2.15673788646418
;41.4346959725088;2.15095158017159
;41.34029085;2.0361379
Petit pirates;41.5375040839514;2.21698598495838
;41.3979919;2.1811845
;41.3980692;2.18130775
;41.3903582707424;2.14170763483968
;42.0028616390489;2.29258104668779
;41.3518207382121;2.14340494891304
;41.3517619739416;2.14333097244519
;41.3518457386542;2.14329405349209
;41.554325514873;2.35543992047193
;41.4482763632841;2.17913058340437
;41.4482929135807;2.17621579658279
;41.86550805;2.2829788
;41.4572993542528;2.18532918694664
;41.5616626438702;2.01866633034009
;41.5657869619312;2.01867217839431
;41.563065543974;2.01615717144652
;41.5655855134713;2.01116527418856
;41.5623527279611;2.00882403288353
;41.560970092825;2.01344124922275
;41.5593082705375;2.01372581722111
;41.5580648365273;2.02099725596008
;41.5557075513459;2.0197379044932
;41.4157272790049;2.15981533880307
;41.4235902664419;2.15819290181834
;41.4091428253879;2.16976899874443
;41.42297365;2.22092755
;41.4236829833342;2.22017434993392
;41.42418935;2.2192812
;41.4244251;2.21971775
;41.6871287044216;2.44335417719316
;41.6966770085048;2.44023837129988
;41.6967618432308;2.4397381849917
;41.3701342390513;2.10969352978641
;41.3711928911619;2.107938932963
;41.3713750466296;2.10762709232968
;41.3678033343757;2.11431108666901
;41.3846889603795;2.1236452394814
;41.3685945589778;2.13317549994
;41.3861377982211;2.0416936799382
;42.2038758023491;1.81870783150847
Parc infantil Parroquial;42.0401599073715;2.40641910888054
;41.3531943117911;2.07574889171428
;42.1014244485946;1.84772224255045
;41.392500600514;2.18858596666667
;41.4285627006416;2.22422456081743
;41.5822508816281;2.01455922496189
;41.4293935269057;2.21827910320833
;41.3302632149732;2.1071807369026
;41.3307101947625;2.10679303390354
;41.4317442019483;2.22008422977425
;41.4297083229668;2.22294376696158
;41.4300014917897;2.22326312929427
;41.4298978210326;2.22316005257891
;41.428293861012;2.2219579504021
parc infantil inclusiu;41.3126513841334;2.02602456529844
;41.4907023754125;2.36597202137983
;41.40190805;2.1603651
;41.41751495;2.2110663
;41.6857732247998;2.48761602091563
;41.4056926259443;2.21171101198389
;41.4038124642783;2.20742556589426
;41.5447975351368;2.44902899379921
;41.4945850937543;2.17409808502279
;41.4152873457501;2.10326898894921
;41.3106938094348;2.02812537551036
;41.4071949495766;2.21370862998038
;41.407237514404;2.21368307491008
;41.4072853379955;2.21374839712374
;41.4073300078573;2.21381447106072
;41.3753762954211;2.11453200393898
;41.4941100253494;2.12973376343618
Món Parc;41.4284954509045;2.14352860722864
;41.50741905;2.122871
;41.5339591751556;2.11897153705937
Plaça Galileu;41.5557124277389;2.08818364150966
;41.5558009256532;2.0898775708427
;41.5343699;2.1822836
;41.5225778216247;2.18120756670052
;41.6869625406455;2.47304865056772
;41.6837378879146;2.483305228891
;41.682361;2.4848101
;41.6938256230889;2.48941965320801
;41.717220279477;2.54684920887081
;41.7164012473394;2.42629969277507
;41.6610701846316;2.45503380590865
;41.6397999403233;2.40551737593112
;41.63993025;2.4025601
;41.6401798258994;2.40065902171323
;41.5974314841886;2.5786552837722
;41.7031273900165;2.43895086465074
;41.3928680747639;2.19776728082819
;41.39286255;2.19741705
;41.5800784201924;2.56450981085373
;41.4550359416014;2.25853265425658
;41.7352315312227;2.49973182734479
;41.43045215;2.14387325
;41.3871417647323;2.04616819930802
Instal·lacions esportives municipals La Solana;41.4470972190115;1.97809698813877
;41.4499106;1.9758321
;41.4481913402502;1.97528290043266
;41.4911694506296;2.13734545513429
;41.4917296;2.1336908
;41.4921911342777;2.13905024434217
;41.4895849859283;2.14055525668983
;41.6152907569947;2.13625237318931
;41.4487100447058;1.96922550281647
;41.47432875;2.0840594
;41.4483068;1.97040863333333
;41.4470936808567;1.97265422123206
;41.4459692833547;1.96676297344461
;41.4491329843158;1.97100028390293
;41.449519791677;1.96400168824967
;41.36179055;2.10938975
;41.5573008326175;2.25189375298602
;41.4474201464402;1.96896835582024
;41.3709187865583;2.07299852746161
;41.3710937005487;2.07315348881622
;41.4469892103846;1.9670521342079
;41.543298522545;2.08456412833898
;41.543925617125;2.0842176657369
;41.5436762714877;2.08391244594328
;41.5438916109095;2.08393207394359
;41.5443428900573;2.083102287611
;41.5444641;2.08306705
;41.5444521715855;2.083895897944
;41.4045042669319;2.16885324883433
;41.3527864174126;1.70131514300926
;41.6533273208421;2.20958225969137
;41.4503929666667;1.97438546666667
;41.4509013611892;1.97183778187379
;41.2650824251334;1.96018442901204
;41.2650767676855;1.96227922115837
;41.2649696531162;1.95706341913324
;41.265302763041;1.98192424895245
;41.2655597850458;1.98335859852859
;41.444430767803;1.97886805799944
;41.4440877924341;1.97942685291779
Parc de la Bruixa;41.590825;2.17749375
;41.6187564492388;2.2924774351988
;41.4309055784186;2.17140425095991
;41.3293640272723;2.10238872844565
;41.3281276637573;2.10226662530963
;41.3262500544921;2.10136788877635
;41.3735651031106;2.06563421920802
;41.5894409202471;2.57459042109516
;41.5520862782189;2.28829796224278
;41.5971962328149;2.27818361144941
;41.4765343614166;2.18875095615322
;41.6182449336642;2.29728119871572
;41.5546303407302;2.28763034925139
;41.5697937270889;2.22407599407627
Parc infantil d'Horta;41.8260232078589;1.96868829007194
;41.4513652408125;2.20327982715675
;41.4062921318941;2.18692143179256
;41.3561007181183;2.11649598270452
;41.3562300681189;2.11650798282726
;41.3562380181183;2.11636358270452
;41.3561080181088;2.1163519326109
;41.3623397234898;2.12099733631989
;41.36272795;2.11254805
;41.4033604820142;2.19229549346548
;41.3596705;2.1205753
;41.2751572133009;1.98039264087487
;41.4213056885131;2.19669671498163
;47.7946744683611;-122.180721849721
;41.45886755;2.1743293
;41.4480458161877;1.97229669414183
;41.2947222009929;2.008082334461
;41.5655618245495;2.00458436774321
;41.7275431092008;1.82286805059338
;41.3318885048441;2.05359059158021
;41.4568255265486;2.20193364281186
;41.4561839773859;1.95684710940023
;41.4349777265716;2.14879672508434
;41.3763145069808;2.04668738973046
;41.3766880038441;2.04688503061799
;41.3784933673556;2.17650350667511
;41.4946266575271;2.15973516621471
;41.483535150502;2.3281185038598
;41.4823685740999;2.31792413614112
;41.4824244309191;2.31807025418317
;41.482298480505;2.31765170989586
;41.4982362062414;2.15798415236657
;41.4172389029752;2.15724821932516
;41.479660755823;2.18689855115804
;41.4795069322327;2.18615113371595
;41.4816349833704;2.31889093990237
;41.4503619027275;1.97359544580178
;41.3577403823291;2.13536095240634
;41.673304808892;2.28435426980625
Jardins Can Gambús;41.5456396148565;2.0806588204652
;41.3624315535878;2.14479622471127
;41.48621785;2.3116455
;41.4022184799942;1.56583835914812
;41.4235110232235;2.20122860347966
;41.3594747677981;2.1030744372922
;41.7361799411178;1.97764117532218
;41.45023695;1.97483095
;41.4609263293274;2.24255333872093
;41.3728696452658;2.09486121880232
;41.36923035;2.16213965
;41.5592059902879;2.08174635397107
;41.9561170788102;2.32561435786481
;41.6029134422754;1.54159597167763
;41.4392612;2.2441077
;41.3880082338049;2.17901398392271
;41.6776824617199;2.2818750597908
;41.871942457782;2.28387222679009
;41.8770799483251;2.28847048504609
;41.870545451431;2.28477156697224
;41.4489946075559;1.96712515315777
;41.8721890752531;2.28633899951977
;41.1974778439861;1.65717385189021
;41.9966807543241;2.41859951642253
;41.4514096497804;1.97216746711352
;41.5856658641825;2.57979952656568
;41.6169578997509;2.67561753287954
;41.6138078060749;2.6643604501015
;41.6123326236267;2.65998168666564
;41.4163222494845;2.18296189877644
;41.2155942686218;1.72175441289839
;10.1707010885185;-64.6728094144709
;41.4015674;2.15659145
;41.3692172097284;2.14927510106438
;41.347553367668;1.70602009056734
Parc infantil;41.5889979;1.6210426
;41.5625485876436;2.00302473874428
;41.2222041;1.72404325
;41.5767193507329;1.62692977330482
;41.2700742416399;1.99894040495251
;41.3633270208608;2.13138652351846
;41.282286634726;1.98227190797497
;41.2189568181551;1.72150764477509
;41.567831728602;2.51432833308941
;41.3882968579188;2.01174427715581
;41.3861667865584;2.01466344569223
;41.3834507008853;2.01746556459493
;41.3966262158742;2.00724320116869
;41.402641995573;2.00577843110593
;41.4008365970879;2.00351748892684
;41.397824372888;2.00333635504522
;41.3959967574683;2.00054211442013
;41.3998228150448;1.99907095748466
;41.5654006656068;2.51465741837471
;41.3865595566251;2.14936334450042
;41.7410011094175;1.88496906880517
;41.3200255410472;2.09917746461754
;41.6811868659138;1.50088640902351
;41.6817694796222;1.50090796992776
;41.442216346269;2.07779922373404
;41.4451863450156;2.07322082445442
;41.6387521;2.23611525
;41.3803591156013;2.15987434424239
;41.3575641612464;2.10511462531285
;41.3565691083973;2.10116180477253
;41.376701127386;2.14125579188195
;41.4540481878397;2.22746876213405
;41.359679407691;2.14095891161269
;41.2378976438079;1.82164277570582
;41.4419557;2.14950735
;41.721411730057;1.82251883066081
;41.5470663102791;2.44696042184951
;41.5059988350442;2.39508906245099
Zona de jocs els Pinetons;41.6935711948613;2.28448839782626
Zona de jocs de Can Queralt;41.6922410919901;2.28696776695372
;41.3781232841875;2.14870205857247
;41.37898905;2.14802875
;41.37874675;2.1480021
;41.4447509573643;2.22596682164272
;41.444845774972;2.22587570602139
;41.4132305055325;2.1503026011266
;41.4449525736999;1.97971660887999
;41.4449323090226;2.17664602399873
;41.453763825403;1.96240392041042
;41.4017764076927;2.16028593236599
Plaça Joan Rabert;41.7002639333333;2.7188283
;41.398037386833;2.14825482612474
;41.3773364189223;2.15895749500481
;41.509693637496;2.39561070320876
;41.5078327809082;2.39912261286339
;41.5100796038607;2.40056911082098
;41.501040107302;2.38308996346117
;41.4319033854072;2.21387859653647
;41.4321725;2.21365715
;41.4341624;2.1487612
;41.3753095498302;2.11790902527026
;41.4479359395554;2.20471286691736
;41.4844842770296;2.26974884555561
;41.2355278043906;1.82583224387425
;41.43342825;2.2221784
;41.4379975499891;2.22716691666903
;41.5102853064437;2.40218440838015
;41.5980388919443;2.44364419894717
;41.336173992607;1.92022397137165
;41.4258300713964;2.13468481034495
;41.4260968708343;2.1348788155648
;41.4519838818771;2.24243052367387
;41.452144316746;2.24267268493148
;41.4523451556058;2.24259210244238
;41.45145775;2.2328288
;41.4500658710467;2.23432367022413
;41.4496337319554;2.23024344818555
;41.4522191;2.2314397
;41.4525811;2.2292527
;41.4474062078964;2.23069620419917
;41.450534901689;2.2280680341975
;41.4495084662814;2.22903934210417
;41.4491603357741;2.22671973800492
;41.4513353144728;2.2244386967736
;41.448684311982;2.22502944010233
;41.4463160014686;2.22868237657244
;41.4470704936953;2.22605905422997
;41.4537310231399;2.22355605419349
;41.4548774052041;2.22243940912751
;41.4532595384121;2.22119581754965
;41.4527537114874;2.22075480739439
;41.4545107744708;2.22127893231063
;41.4570798041576;2.22030840024786
;41.4512599443132;2.22212966448317
;41.4647706263509;2.23528208353158
;41.46663235;2.2404627
;41.4448461158481;2.23569119294768
;41.4452304680663;2.23617371163776
;41.44601285;2.2365035
;41.4440565678042;2.23868182785324
;41.4440257966501;2.2394507120514
;41.4443179;2.2390805
;41.4441785869943;2.23925902235198
;41.4436778653967;2.23810564444592
;41.4446872140478;2.23778926359758
;41.4445740741128;2.23485392576156
;41.4476058635076;2.23727464097013
;41.4438195115111;2.23345205853289
;41.4437054266657;2.23328538609046
;41.44359075;2.23315675
;41.4417852311949;2.23095101431412
;41.4412964214656;2.22992776137784
;41.4473648811114;2.24551092381728
;41.4466808709881;2.24464076230595
;41.4396130871435;2.23988050976165
;41.4423748850149;2.23654883416525
;41.441979001783;2.23599970636358
;41.4432011769196;2.23746089761053
;41.4404615619334;2.2412453903193
;41.4385994680447;2.24146575386285
;41.4434247817381;2.24375702335128
;41.4402635;2.24257985
;41.44477815;2.2492288
;41.4417901470836;2.24613056752274
;41.4375529;2.22429855
;41.4412346;2.22340326666667
;41.441432741957;2.22359737557083
;41.4410839526001;2.22164740224397
;41.4410718677775;2.22144697384712
;41.4392485049036;2.2250465719735
;41.4372913050886;2.21676437429064
;41.4403557;2.21476705
;41.4418502079255;2.21858034301438
;41.4409013751496;2.22027873400253
;41.4428474710986;2.21922581220948
;41.443031895632;2.21796874738011
;41.443023557799;2.21667358665602
;41.4442896684851;2.21963194523253
;41.445294464109;2.21922760625739
;41.4406076;2.2161271
;41.4432254711941;2.21982933183037
;41.4412835843923;2.22552909854128
;41.4462219117501;2.22233829068099
;41.4463516947859;2.2223646209615
;41.4421340981281;2.22076758677963
;41.437196188267;2.22507407248934
;41.44220625;2.21691355
;41.4421380592108;2.21699621613923
;41.4420911491415;2.22260099271939
;41.4405263059212;2.21534171583505
;41.4395336853527;2.22025538695708
;41.4388966417486;2.21917489980274
;41.43671691293;2.23028914951801
;41.4372830485451;2.23408058398205
;41.434532427237;2.24001570237828
;41.431129;2.2379136
;41.4309517303248;2.23823391307428
;41.4427969847678;2.23577463038067
;41.439372956751;2.23057536017423
;41.4393829585358;2.2304126391429
;41.4390880546457;2.22896166213574
;41.4395585167138;2.22812934803847
Parc de l'Escorxador;41.4425365489986;2.22746826761954
;41.4424029258264;2.22511869133403
;41.4346666784825;2.21461173027779
;41.4345435743556;2.21445565429882
;41.4356274322375;2.21333841504253
;41.4361436354421;2.21450901347503
;41.4598501013726;2.24679257009248
;41.4615258826733;2.24715219130983
;41.46306165;2.24191795
;41.46264075;2.24221845
;41.4618419761177;2.24259660639716
;41.4578712462572;2.24371872704362
;41.4536957;2.2452895
;41.4520196376655;2.25349544486005
;41.4543433521035;2.25568933259696
;41.4545100184706;2.25586550737722
;41.4547252697966;2.25768585838556
;41.4561201772706;2.25926452537551
;41.4574150323581;2.25673720852538
;41.4575740620318;2.25810905548226
;41.457422747122;2.25788516514813
;41.4568589454323;2.25912657437867
;41.4651992832607;2.2527475516905
;41.4646303597339;2.25287619283718
;41.46431305;2.2517776
;41.46422845;2.25092035
;41.46460455;2.2512982
;41.4661877647867;2.2473434584123
;41.4667464;2.2478247
;41.4674552328425;2.24797231730342
;41.4680776599222;2.2497074262731
;41.4678930900568;2.24969002175408
;41.4665841378937;2.25111577432678
;41.4667590374969;2.25113102387154
;41.4662387192296;2.2495051634111
;41.4656293657208;2.24922676881514
;41.4648617259382;2.24997894806264
;41.4662664400565;2.25351031441692
;41.4665067640805;2.2554711284633
;41.4784901732147;2.23660915923264
;41.4729136440672;2.2526277545966
;41.460108465042;2.23866591610986
;41.4600454521728;2.2384968973701
;41.4561143023577;2.24094180286879
;41.4602368161391;2.24130295109016
;41.4613753852;2.23924733847383
;41.4613838594302;2.24075900961427
;41.4616322259482;2.24064935347077
;41.4581120804415;2.23881995926051
;41.4583201813518;2.23962861452013
;41.4579069456584;2.24001977013069
;41.449282346451;2.24476492948239
;41.4469600238721;2.25102168875208
;41.4501612355957;2.24996664118142
;41.45187515;2.2483143
;41.4553079544324;2.25035028061266
;41.4545761964159;2.24693075141876
;41.4949295;2.3573646
;41.4535242455782;2.23815217565085
;41.45263675;2.23862365
;41.4519106884252;2.23809768337593
;41.4515052922409;2.23745138349002
;41.4505006029079;2.23677911377194
;41.4533842990597;2.23119334079462
;41.4547663663198;2.23016720932789
;41.453964048358;2.23447513168889
;41.45402445;2.2346619
;41.4537847;2.2338956
;41.4572470355516;2.24745140525626
;41.4583949595624;2.24829318303742
;41.4584802026821;2.2498676796133
;41.4344925878122;2.22559227297354
;41.4405153846965;2.24574087788477
;41.3672679839224;2.13289405214026
;41.3647443348906;2.05950486115601
;41.4535515457492;2.25623059691033
;41.3784567859671;2.1186377850604
Plaça Catalunya;41.5563627930974;1.60341327772472
;41.9413819906452;2.23615770693646
;41.3753846608403;2.1114250715274
;41.4144589649133;1.92383291189311
;41.3501859069991;1.6989688821238
;41.3941271;2.19663256666667
;41.4385271485356;2.20388840570318
;41.384570681325;2.07908795780638
;41.580603009233;2.01657762488178
;41.58060325;2.0156965
;41.9472671416722;2.24124263303413
;41.3743087177438;2.1222007845962
;41.3227225634402;2.02365923571869
;41.945856709525;2.23986992528152
;41.4433497073547;2.2186904762794
;41.4398701;2.22419665
;41.2325433096149;1.79222936513561
;41.4691743585217;2.27399870040156
;41.4710243135128;2.27602993223418
;41.9465446104873;2.2370418208181
;41.39976635;2.19026675
;41.3998897191341;2.1901033772816
;41.4588033152773;1.97384177755502
;41.35607415;2.1181366
;41.3582569;2.09582575
;41.3544248594386;2.08712063718475
;41.5535333039902;2.25080248224228
Àrea Infantil Jocs del Paisatge Parc Central;41.5872255050173;1.62312323436739
;41.6118037287231;2.29385991397353
;41.4516753695601;1.9663545687805
;41.4519308551305;1.96605977115388
;41.5584976547078;2.09170744699362
;41.5675395161306;1.64380714377663
;41.2981289056839;1.77822712118842
Node fresc;41.404040742312;2.18726168911921
;41.7176138965704;1.4227057607956
;41.44867145;1.96936555
;41.3071255848234;2.00612516942824
;41.3035816402539;2.00297957470081
;41.4272167257578;2.16605177090451
;41.4460232554725;1.9666024395577
;41.4465053268698;1.97711273392685
;41.1982369644243;1.66322626656211
;41.38117087211;2.04190776046038
;41.3004589336917;2.00074511000055
;41.4150221158409;2.21888545360128
Tirolina del Parc Central;41.4730064851029;2.07455023221206
;41.4742274809739;2.07193515589698
;41.4825596996496;2.17364329185312
;41.3585736422337;2.11868773606408
;41.3519642228803;2.11687921006919
;41.4166448868361;2.02261882894537
;41.35047415;2.11182015
;41.4912188;2.14620965
;41.4139983023607;2.0229566914603
;41.5369995509809;1.83242652512932
;41.694058;2.17429566666667
;41.6940557740164;2.17401402746724
;41.4405955593961;2.23191563003487
;41.4406735437509;2.23235952629064
;41.4399722;2.23241605
;41.4404306151404;2.23308284592799
;41.4146538805747;2.14785550121911
;41.6841262471198;2.1511725726392
;41.2105005794021;1.67318418856253
;41.6881159069611;2.16228659492209
;41.4372262694628;2.20732206405895
;41.4379138238323;2.20717094323858
;41.3606777413349;2.12659938895822
;41.7615297338495;1.8316975525687
;41.8346629294679;2.27437181639174
;41.8346240014567;2.27476651720719
;41.8345598634118;2.2748717227625
;41.4037740546756;2.18789543042936
;41.3520365661922;1.97575771428736
;41.3522993693431;1.97542560210569
;41.367412849136;2.08901911335681
;41.3447239288763;1.98365610488685
;41.3593283;1.9817646
;41.3594096824159;1.98164415650633
;41.3567558140285;1.98199221022103
;41.3569139847484;1.98220035856784
;41.3630351138113;1.98384883111902
;41.360085500784;2.00448238376757
;41.3618015;1.99633015
;41.3636288704481;2.11188272374652
;41.3964478456029;2.18782460660387
;41.3966507630318;2.18821411015908
;41.3969766873803;2.18824164698318
;41.3178084209932;1.75390347090891
;41.3683491439206;2.10267942766567
;41.3588440666667;2.0713523
;41.4094211431877;2.18790513863317
;41.4113313050712;2.19043768698842
;41.4143157637453;2.17058948677751
Espai ludíc per a gent gran;41.3763282649113;2.04796780644751
;41.4214484228907;2.21038512696081
;41.4557506199473;2.20978867155012
;41.3873408512156;2.13965734016488
;41.2727285381914;1.98185265120488
;41.3509596904378;2.0724506128274
;41.6432616243584;2.29363574283797
;41.361023594501;1.67088059170478
;41.360972133069;1.67083086253518
;41.5514494879389;2.45031816598179
;41.5516515813338;2.43852926424169
;41.4754298771116;1.91981798657236
;41.4217824502996;2.16448425129077
;41.421790496531;2.16468288822863
;41.4271393633375;2.18289497889777
;41.3599417055398;2.07026915485991
;41.444270284964;2.17491216973992
;41.5218007503427;1.89696481691377
;41.5218462;1.89689125
;41.5217453;1.8967982
;41.3883426554929;2.13237139047199
;41.4868259204391;2.29959631376181
;41.4038758674367;2.18772740827459
;41.3728918;2.0947791
;41.3728777;2.0947637
;41.3728601;2.0947516
;41.3726613;2.0945015
;41.3726809;2.0944639
;41.3726935;2.0944224
;41.4172002;2.1404412
;41.4172218;2.1404582
;41.4172428;2.1404896
;41.3091728;2.0018246
;41.4901949;2.1866318
;41.7125225;2.1874387
;41.6417667;2.2320669
;41.757429;2.2462603
;41.4942854;2.2927411
;41.4245127;2.1198822
Plaça Gandhi;41.3713084;2.0851813
;41.503557;2.3941271
;41.6820838;2.280823
;41.6878295;2.2864148
;41.2232499;1.7104454
;41.5402603;2.4568048
;41.5156002;2.1253402
;41.5994554;2.6188046
;41.3543861;2.0872043
;41.5460233;2.4414902
;41.3015193;2.0031998
;41.3021509;2.0062787
;41.3817094;2.1050269
;41.3027483;1.9950566
;41.4316363;2.1810585
;41.239682;1.8041627
;41.2440621;1.80707
;41.2354741;1.7897912
Parc Xesco Boix;42.2443338;1.9754799
Parc del Tossal;42.0773513;1.8233354
;41.5288143;2.1174793
Plaça de l'Agricultura;41.4897272;2.0386164
;41.4859237;2.03951
;41.3827184;2.0712352
Plaça Nova;41.5592783;2.0137604
;41.3805044;2.0802266
Plaça del Carme;41.3674031;2.07191
;41.3681318;2.0698286
;41.4986726;2.1402258
;42.1187722;2.1025374
;42.1193612;2.0998713
;41.4196657;2.1018037
;41.408216;2.202165
;41.4100933;2.197584
;41.5120735;2.1276195
;41.3827459;2.141218
;41.6187327;2.2895673
;41.6188337;2.2895918
;41.6188914;2.2885529
;41.6213657;2.2889013
;41.6135433;2.2891472
;41.6163399;2.293786
;41.6138239;2.2930037
;41.6138465;2.2928171
;41.6364716;2.7148646
;41.7495213;2.1201009
;41.5997597;2.2835801
;41.5978295;2.2886266
;41.598214;2.2887168
;41.6050501;2.2892421
;41.7657085;1.7948237
;41.2992992;1.9964971
;41.4509804;1.9699896
;41.5375736;2.2106002
;41.5411937;2.2093631
;41.5432447;2.2059429
;41.5439353;2.2065759
;41.5468902;2.2058571
;41.5436863;2.2052992
;41.5378471;2.2153087
;41.5544164;2.2218238
Plaça del Primer de Maig;41.5770018;2.0216944
;41.3727471;2.069922
;41.5455546;2.2212155
;41.5459541;2.2214918
;41.5430512;2.2225539
;41.2645197;1.9927188
;41.6641841;2.211524
;41.675648;2.2118108
;41.6698364;2.2256274
;41.5727975;2.5255076
;41.6087749;2.5382706
;41.6172515;2.2975593
;41.3915317;2.1924642
;41.3923898;2.191707
;41.4447894;1.9632979
;41.45423;1.9597383
;41.4496692;1.9670156
;41.4526912;1.9653999
;41.4500671;1.9681834
;41.5337797;2.2109331
;41.5371152;2.2062099
;41.4122798;2.1804823
;41.5435714;2.2197122
;41.5443768;2.2200384
;41.5453954;2.2206008
;41.7326004;1.8310463
Jardins de la Solidaritat;41.6477917;2.7472444
;42.1360601;1.9299656
;41.4019881;2.1406303
;41.4018753;2.1410969
;41.6301857;2.3614682
Parc de la Serreta;41.6312321;2.3586673
Plaça de Sant Jaume;41.6296042;2.363978
;41.7411202;2.4951647
;41.8215595;1.8983106
;41.7673291;1.681235
;41.6421393;2.3610064
;41.3834671;2.1508119
;41.3998625;2.2134572
;42.0763974;1.8251652
;42.1871739;2.0229701
;42.0142482;1.8412377
Parc infantil;41.6516298;2.7401283
Parc infantil;41.6501066;2.739211
Plaça de Frederica Montseny;41.6292906;2.361022
;41.6282009;2.1667316
;41.3692806;2.1698167
;41.4037949;2.1998033
;41.4038033;2.2007981
Jardins Teresa de Calcuta;41.4053578;2.2013392
;41.4039198;2.2049857
;41.4061411;2.2023351
;41.399511;2.1119519
;41.3996084;2.1088341
;41.4010108;2.1231422
;41.3833431;2.1488584
;41.3865629;2.1515174
;41.4017376;2.1720243
;41.7304408;1.8257355
;41.4021742;2.1143246
;41.3998699;2.123216
;33.3972544;-112.1192009
;41.5740354;2.0418939
;41.7660248;2.2525858
;41.7687695;2.2494913
;41.9300748;2.2397411
;41.4028826;2.1168368
;41.3935816;2.1208834
;41.399015;2.008805
;41.401792;2.0063673
;41.3806622;2.145936
;41.4093117;2.1533694
;41.4139574;2.1543357
;41.3840601;2.1044664
;41.5418486;2.4448186
Plaça de Granollers;41.5647301;2.0818165
;41.569017;2.0819683
Jardí de Butxaca;41.4208793;2.1882078
;41.4190651;2.1902172
;41.3741452;2.0836642
;41.3936399;2.0119658
;41.3938919;2.0113346
;41.3873319;2.0084797
;41.7655553;2.2621525
;41.771668;2.252149
;41.8254648;1.8372134
;41.3908876;2.0037568
;41.3913924;2.0018407
;41.3901851;2.0060786
;41.3896685;2.0025201
;42.0128315;2.3252304
;41.5290163;2.0347374
;41.3256214;2.1030184
;41.325544;2.1032578
;41.3786497;2.1169618
;41.4128753;2.1963935
;41.4098761;2.1949823
;41.4171538;2.194671
;41.4466871;2.2145388
;41.4215292;2.1977607
;41.4212255;2.1982149
;41.4134129;2.2009139
;42.1726037;1.9444852
;41.5769542;2.5146552
;41.3743945;2.1725699
;41.6262265;2.1665494
;42.0731731;2.3022312
;42.0728411;2.299243
;42.0737351;2.2943372
;41.4039467;2.2146964
;41.3993727;2.2089883
;41.396684;2.2063272
;41.4036015;2.214321
;41.4009809;2.2069211
;42.0736951;2.2908587
;42.0739473;2.2973275
;42.0739719;2.2907813
;41.4036476;2.2127143
;41.4046696;2.2137443
;41.4029455;2.2117139
;41.4017706;2.2100536
;41.4009095;2.2091175
;41.8215151;2.2215147
;41.8184338;2.2349758
;41.6397612;2.3659574
;41.4097651;2.2110805
;41.7156223;2.4602628
;42.1832112;1.8540402
;41.9313604;2.2519659
;41.4114846;2.1864673
;41.9247607;2.2842924
;41.9200208;2.2575798
;41.3577512;2.101372
;41.5433374;2.287023
;41.9304638;2.2646713
;41.5376372;1.8685956
;41.5355423;1.8704714
;41.4136173;2.0148277
;41.4059321;2.0215833
;41.4086714;2.0230651
;41.4145221;2.018489
;41.4145351;2.022984
;41.7099631;2.4642267
;41.5562931;2.1112906
;41.5564451;2.1117837
;41.2654804;2.0017391
;41.37055;2.1561704
;41.3943334;2.153898
;41.4056101;2.1389275
;41.6365749;2.3619846
;41.3819137;2.1297707
;41.383727;2.1307633
;41.7026412;2.436665
;41.4934208;2.1764516
;41.4941379;2.1812447
Parc del Poliesportiu;41.6352407;1.5194826
;42.1955864;1.8918794
;41.5009497;2.0891572
;41.5010875;2.0892982
;41.6016245;1.8919406
;41.6014051;1.8921464
;41.6383395;2.3733391
;41.4137349;2.1608972
;41.5470248;2.2030689
;41.5472218;2.2030468
;41.5478008;2.2056713
;41.4178489;2.1763527
;41.754677;2.0158267
;42.2381591;1.8762142
;41.6017194;2.3483064
;41.6486594;2.3805516
;41.4222335;2.1972547
;41.4221785;2.1977565
;41.4224447;2.1977628
;41.4157358;2.2004653
;41.6670181;2.260786
;41.670395;2.2613531
;41.6703926;2.2609417
;41.5685258;2.0269727
;41.4769078;1.6091303
;41.2808484;1.9722841
;41.7976386;2.2168574
Vicentona La llar de tots;41.5472136;2.2196478
;41.3693127;2.167466
;41.3682011;2.1659807
;41.7501576;2.1200836
;42.02564;2.465036
;41.425445;2.2228546
;41.4301842;2.215962
;41.4308671;2.215009
;41.4370565;2.2126647
;41.7259629;1.8152855
;41.3917892;2.1793746
;41.4106244;2.190249
;41.4200981;2.1968152
;41.4193668;2.1979332
;41.4278238;2.1885718
;41.4126818;2.1912449
;41.4226865;2.197968
;41.4173188;2.2060833
;41.4179898;2.213933
;41.4208665;2.2084623
;41.4207133;2.2082323
;41.4168973;2.2127734
;41.4173957;2.2072549
;41.4045414;2.1535556
;41.4147811;2.2140004
;41.4167501;2.206556
;41.4058663;2.1935245
;41.4046874;2.1949783
;41.5875656;2.5850041
;41.4772348;1.9150362
;41.4776347;1.9138641
;41.204158;1.6744109
;41.3083632;2.1126825
;41.8636978;1.8727361
;41.4057388;2.2172423
;41.4064813;2.149029
;41.4162556;2.1938322
;41.416408;2.194051
;41.6057795;2.2883021
;41.4753193;2.2824324
;41.5954751;2.2885239
;41.4963006;2.1390816
;41.393621;2.2026319
;41.1970309;1.6569828
;41.3963327;2.1836303
;42.0090841;2.2417784
;42.009022;2.2417014
;42.0090602;2.2416588
;42.0091218;2.2417247
;42.0158679;2.2438022
;42.0160899;2.2437146
;41.6572953;2.2559257
;41.5468769;2.2117132
;41.7946831;2.2214781
;41.4082027;2.0255737
;41.5478309;2.2189446
;41.5471699;2.2182924
;41.5467646;2.2178697
;41.3685651;2.1440662
;41.41773;2.2189747
;41.3679765;2.0797755
;41.3962568;2.2091235
;41.4072383;2.1509116
;41.7530193;2.1185964
;41.4825359;2.1657844
;41.4805987;2.1697511
;41.4825482;2.1736608
;41.4829193;2.1493883
;41.4863464;2.1812938
;41.4929028;2.1833726
;41.6369513;2.7245046
;41.4187596;2.1760418
;41.5500095;2.4282929
;41.5481768;2.4281186
;41.4131376;2.1502568
;41.6394011;2.7172596
;41.4015961;2.1998783
;41.4018194;2.1994653
;41.4014874;2.1996208
;41.3874522;2.1461042
;41.4113134;2.1351372
;42.1663721;1.8812303
;41.5561122;2.2199224
;41.5387755;2.2177705
;41.409803;2.1301518
Parc infantil del Passeig del Ter;41.997179;2.2845111
;41.8019634;2.2182729
;41.4815169;2.192096
;41.474143;1.9204439
;41.4855034;2.1811045
;41.4913865;2.1856797
;41.4043851;2.1815757
;41.3822331;2.1677991
Joan Fuster;41.4932597;2.1869986
;41.4929375;2.1874759
;41.3683931;2.106098
;41.3678677;2.1060212
Parc del Pont de la Cadena;41.4078597;2.0188944
;41.7368403;1.8027996
;41.5228062;2.3736319
;41.5890556;2.5433313
;41.4172939;2.2208831
;41.5462188;1.8983749
;41.5469046;2.2073497
;41.6367769;2.2963786
;41.6367949;2.2961399
;41.5970214;2.582432
;41.5970234;2.5825018
;41.4139229;2.1793464
;41.504938;2.3939964
;41.5051624;2.3938098
;41.5600412;2.4955888
;41.5587867;2.4989029
;41.5589057;2.4991507
;41.3770621;2.1576855
;41.4904894;2.3519325
;41.4897392;2.3539199
;41.4908144;2.3572105
;41.4919569;2.3538188
;41.5783967;2.5539285
;41.574383;2.5401573
;41.486012;2.190956
;41.4757721;2.3073084
;41.7051049;2.7182176
;41.7054752;2.7175627
;42.1024701;1.8550794
;42.0784813;2.1518326
;41.722276;1.8374412
"Parc ""Els Jardinets""";41.5382406;1.7660908
;41.3746916;2.1467609
;41.4121679;2.1884095
;41.4086723;2.1921701
;41.3895146;2.1482278
;41.3933259;2.133291
;41.3946149;2.1311335
;41.3941308;2.1293079
;41.6134746;2.6603167
;41.4273969;2.1911028
;41.4287598;2.129322
;41.5983354;2.1861423
;41.6143193;2.2901464
;41.5039424;2.3861476
;41.5048667;2.3886311
;41.5027707;2.3898271
;41.6315336;2.7187468
;41.930728;2.261106
;41.4799565;2.1895178
;41.4968632;2.1798964
;41.4351675;2.0899868
;42.0702689;1.870193
;42.0717057;1.8698328
;42.0031177;2.2917113
Parc Infantil de l'Arboretum;42.0038817;2.2939521
;41.6210477;2.2943437
;41.6759352;1.839806
;41.253016;1.9020393
;41.4232922;2.2285825
;41.534016;2.2124378
;41.5440151;2.116029
;41.5401529;2.1153915
Plaça Josep Villa;41.5115206;2.2392722
;41.4134768;2.0172438
;41.584174;2.5746691
;41.4502743;2.1776204
;41.425229;2.1800162
;41.4223685;2.1893222
Plaça d'Helena Jubany;41.5489671;2.4479609
;41.5475828;2.4459892
;41.3759726;2.1607376
;41.5358878;1.8706081
;41.4014341;2.1776862
;41.3722736;2.1088824
;41.3840926;2.1595454
;41.4815269;2.1868508
;41.4822804;2.1883059
;41.6859255;2.7178625
;41.6860374;2.7179524
;41.6859833;2.717632
;41.6859666;2.7179047
;41.6556443;2.5673178
;41.6051495;2.539435
Parc de La Sardana;41.5866419;2.1773923
Porxada;41.5851152;2.1782077
;41.5808439;2.1785698
;41.7866738;2.2422508
;41.4000887;2.178645
;41.4779206;2.1854539
;41.4986861;2.1843859
;41.4975565;2.1811047
;41.4937682;2.1771833
;41.5004936;2.1844274
;41.5005903;2.1841388
;41.3983568;2.1628142
;41.6870038;2.7191976
;41.7048552;2.7183179
;41.704961;2.7185397
;41.7022065;2.7203497
;41.7022409;2.7210964
;41.7019898;2.7213442
;41.7018789;2.7208168
;41.6945592;2.7206811
;41.6945103;2.720543
;41.6946147;2.7205855
;41.3596106;2.1333274
;41.3576622;2.1426391
;41.3563605;2.1429627
;41.5246926;2.2291148
Parc Ball de Gitanes;41.5776966;2.1799599
Parc Mercè Rodoreda;41.5773555;2.1787288
;41.4054691;2.1358424
;41.4057905;2.1354802
;41.4052425;2.1425517
;41.4099227;2.1369251
;41.3376302;1.9958076
;41.6842421;2.2825964
;41.7023456;2.7201849
;41.7019111;2.7214751
;41.7017228;2.7210405
;41.7045244;2.718192
;41.4065932;2.0170362
;41.4065787;2.0171768
;41.4086911;2.0170048
;41.408712;2.0170892
;41.4087427;2.0171539
;41.4087691;2.017258
;41.4085497;2.0174079
;41.4084723;2.0172743
;41.5540261;2.1103601
;41.5530217;2.1153543
;41.5394457;2.1202858
;41.5835939;2.1300035
;41.5422018;2.1215071
;41.5393466;2.1218507
;41.5409254;2.1213381
;41.579751;2.5539836
;41.3914803;2.1347859
;41.3940886;2.1408654
;41.3942038;2.1407059
;41.4306434;2.1590442
;41.4235595;2.1780826
;41.5632354;2.0911292
;41.5345568;2.0480789
;41.3896218;2.1533937
;41.3901857;2.1526557
;41.4130633;2.2197861
;41.3782685;2.0569907
;41.3782634;2.0568094
;41.425032;2.1880278
;41.5567681;2.1547325
;41.5578393;2.1562639
;41.581671;2.1671989
;41.6060469;2.1377574
;41.4031708;2.0015889
;41.3895159;2.0067061
;41.3890126;2.007548
;41.3991836;2.1731632
;41.3955366;2.1744722
;41.3980799;2.171587
;41.3974154;2.1751666
;41.4009999;2.180151
;41.6931898;2.1150854
;41.4790893;1.9206098
;41.4838818;1.9205699
;41.4063764;2.208754
;41.626101;2.1677629
;41.6258055;2.1675623
;41.4957424;2.2950779
;41.6333163;2.2508629
;41.4489506;1.9630854
;41.3911697;2.1484405
;41.4091444;2.1625929
;41.4077588;2.1649644
Parc dels Gegants;41.5407004;2.270358
Plaça de Pau Picasso;41.5423391;2.2680755
;41.6901835;2.1609204
;41.6900894;2.1609579
;41.6900223;2.1609914
;41.689841;2.1610169
;41.6897699;2.1611845
;41.6240163;2.5701597
Zona de jocs infantils;41.3304942;1.9159569
;41.6860537;2.1624175
;41.5934197;2.5832503
;41.2818036;1.9747087
;41.4488686;1.9578918
;41.5398736;2.434013
;41.433008;2.1612197
;41.4343591;2.1643189
;41.4367871;2.1654366
;41.4302429;2.1730551
;41.6042666;2.2826054
;41.2357683;1.8120607
;41.3487153;1.7013802
;41.3509094;1.7079928
;41.4290743;2.1409614
;41.2850068;1.9803462
;41.3538572;1.7047877
;41.3540236;1.7048734
;41.2899941;2.0775595
;41.4092206;2.2040302
;41.7768636;1.6857791
;41.693302;2.1778639
;41.4965553;2.363057
;41.4709986;2.0872982
;41.4704791;2.0876459
;41.4418099;2.1719779
;41.4406677;2.1724726
;41.4328739;2.1727468
;42.1123064;2.1603766
;41.3890589;2.1507734
;41.3907199;2.1506144
;41.5667813;2.0057872
;41.5903925;2.5821234
;41.4324168;2.1522005
;41.4334293;2.150179
;41.4337163;2.1509812
;41.4344413;2.1488893
;41.4338728;2.1502772
;41.4286115;2.1574422
Gronxadors Joan Oliver;41.5078837;2.1149946
;41.6141693;2.2942489
;41.4323102;2.1475149
;41.4319681;2.1487823
;41.4308073;2.148255
;41.4237302;2.145808
;41.4226641;2.1450026
;41.4121279;2.143169
;41.6042318;2.2808185
;41.6055131;2.2811078
;41.6060218;2.2812289
;41.6056656;2.2821392
;41.4132551;2.1692455
;41.4215288;2.175131
;41.4195577;2.1786887
;41.413103;2.1849167
;41.4119129;2.1623717
;41.3657317;2.126601
;41.3693032;2.1265181
;41.376583;2.1563633
;41.442333;2.1626222
;41.4425283;2.166334
;41.4426224;2.164783
;41.4255785;2.1805883
;41.4436316;2.1678857
;41.4419171;2.1633361
;41.4179082;2.1941289
;41.7015588;2.7177808
;41.7015156;2.7177439
;41.7017445;2.7179249
;41.7019561;2.7181013
;41.701959;2.7182853
;41.6998277;2.7181215
;41.6936517;2.7168779
;41.6936783;2.7170345
;41.6935751;2.7169369
;41.699806;2.7180771
Parc Infantil 2ª República;41.5068412;2.110343
;41.3928473;2.18139
;41.4615029;2.1792465
;41.4602512;2.1768656
;41.459594;2.1761611
;41.4627722;2.1754802
;41.4073204;2.1425539
;41.4339671;2.1888693
;41.4038814;2.1153061
;41.6923313;2.717183
;41.692257;2.7172219
;41.6921873;2.7172635
;41.4599897;2.181042
;41.4495275;2.1846433
;41.4231088;2.1863577
;41.598848;2.3511798
;41.6945093;2.7206439
;41.6944753;2.720394
;41.6944561;2.7204863
;41.417147;2.1969668
;41.5874671;1.6082872
;41.4248012;2.2028479
;41.4246382;2.2030224
;41.4182105;2.1564256
;41.4138633;2.1611471
;41.2391047;1.8054215
;41.244653;1.8031996
;41.4557992;2.2518713
;41.4133102;2.2158527
Plaça Universitat;41.5888824;2.5800851
;41.4936371;2.1809354
;41.4954217;2.1840502
;41.4958088;2.1841281
;41.6224472;2.6885547
;41.3863062;2.0505454
;41.4971449;2.3628109
;42.0015958;2.2753595
;41.3807228;2.0404903
;41.4212835;2.2071362
;41.4214771;2.2074321
;41.4212744;2.2094764
;41.422452;2.2108456
;41.4165256;2.2022703
;41.4212332;2.1785853
;41.4044337;2.1801561
;41.4131041;2.2168179
;41.4139546;2.2159316
;41.4177949;2.2106791
;41.4228482;2.204135
;41.4235498;2.2030539
;41.4234064;2.2034
;41.4225975;2.2042693
;41.4200367;2.207564
;41.4188491;2.2093723
;41.4063325;2.1571022
;41.5352032;2.120315
;41.4417752;2.1877833
;41.6863019;2.7204575
;41.4659107;2.1859085
;41.6858382;2.7189392
;41.273474;1.9746082
;41.3854868;2.1457731
;41.4482674;1.9766627
;41.4062092;2.1869414
;41.4078418;2.1869187
;41.4238763;2.2079726
;41.4241204;2.2083223
;41.7252181;1.8201942
;41.4225067;2.1538284
;41.4212513;2.1532921
;41.4178282;2.1498538
;41.4131725;2.1459203
;41.4068469;2.197012
;41.2213456;1.7125604
;41.6855095;2.1729487
;41.6860493;2.1723559
;41.6948112;2.1655438
;41.6948515;2.1654211
;41.694721;2.165753
;41.6946484;2.1657617
;41.3594918;2.1433491
;41.3627273;2.1397808
;41.3649277;2.1405811
;41.4034327;2.1717048
;41.3889039;2.1611002
;41.3893154;2.1607167
;41.3891107;2.1604089
;41.2000179;1.643838
;41.5916793;2.0308083
;41.5837905;2.0386079
;41.623515;2.5702187
;41.6249125;2.5689514
;41.6225967;2.5688656
;41.4044464;2.1729129
;41.4850095;2.2659696
;41.4133447;2.0136576
;41.3635933;2.1036417
;41.3651521;2.1019388
;41.3644393;2.0975372
;41.3648071;2.0971182
Parc infantil;41.811101;2.0936611
Parc infantil;42.0400453;2.1057484
;41.4098231;2.179696
;41.4913503;2.021051
;41.4720639;2.1852598
;41.4701987;2.1845611
;41.439612;2.1903796
;41.4043682;2.1536703
;41.357879;2.0867411
;41.4438608;2.1917218
;41.3666431;2.0560636
;41.4480121;2.2185798
;41.3641976;2.1227208
;42.1454489;1.8587098
;41.3732258;2.105147
;41.3727462;2.1046888
;41.4375641;2.1823159
;41.4334931;2.1764789
;41.8986093;1.779696
;41.4188244;2.1969307
;41.4261727;2.1346595
;41.8221874;2.275517
Parc infantil;41.7316253;2.5026315
;41.5491793;2.1084854
;41.6096135;2.2913871
;41.6159418;2.2954573
;41.3980241;2.1812577
;41.3905151;2.1418323
;41.3852096;2.1341182
;41.3849131;2.1356917
;41.3820164;2.1356234
;41.351959;2.1168945
;41.3515419;2.1157167
;42.1265694;2.2580949
;41.3514851;2.1129366
;41.3487032;2.1115982
;41.3565727;2.1182582
El Patufet;41.5995804;2.6177077
;41.3585326;2.1376832
Parc infantil;41.2200616;1.7128993
;41.5926074;2.5726554
;41.4481476;2.1766494
;41.4483154;2.1792089
;41.4505621;2.1841973
;41.4499874;2.1904735
;41.4627383;2.1948114
;41.4659461;2.1945301
;41.4124747;2.0266978
;41.4145738;2.0237388
;41.4963658;2.0407304
;41.4938785;2.0398961
;41.4975466;2.0417711
;41.4160339;2.159337
;41.912721;1.6796832
;41.7463767;2.4179418
;41.4246419;2.21875
;41.4244332;2.2196654
;41.4226761;2.1979466
;41.4261754;2.2084617
;41.4385594;2.1673162
;41.5458995;2.2132922
;41.4006024;2.1681362
;41.3661994;2.1670032
;41.3025637;2.0010368
;41.308813;1.9919759
;41.3077598;2.0018794
;41.6723727;2.288375
;41.4888343;2.3573675
;41.4903207;2.3642693
;41.4071205;2.200453
;41.4092847;2.2095563
;41.4100746;2.2127055
;41.4938818;2.1748016
;41.4137952;2.2174074
;41.4155783;2.2199532
;41.4164397;2.2205679
;41.3759691;2.1423088
;41.41674;2.2170277
;41.4138344;2.2175299
;41.4196388;2.2116717
;41.4134854;2.1972015
;41.5273674;2.1225825
;41.5171773;2.1301634
;41.5154463;2.1290746
;41.4302488;2.1909935
;41.3836991;2.1048256
;41.8638855;1.9706609
;41.5652114;2.1743993
;41.5181334;2.1946526
;41.5896181;2.5775291
;41.5959062;2.578954
;41.5965788;2.5812027
;41.4723259;2.2847369
;41.4073355;2.193734
;41.391473;2.2040705
;41.4473575;2.2120733
;41.9247311;2.2847394
;41.4910435;2.1370689
;41.3941847;2.1729071
;41.4006728;2.1827437
;42.2502514;1.8623791
;41.4221056;2.2064272
;41.4274356;2.2059653
;41.4248688;2.2065836
;41.5498631;2.2486574
;41.3663637;2.1504684
;41.3924758;2.13998
;41.3858032;2.1419455
;41.387755;2.1419825
;41.3883026;2.1435071
;41.4084999;2.1786055
;41.429573;2.1932175
;41.4316309;2.1818057
;41.4317336;2.1820178
;41.3827378;2.1249406
;41.3800134;2.1249036
;41.3638137;2.0727966
;41.3647372;2.0732217
;41.3646499;2.0727026
;41.5070076;2.3437129
;41.5031733;2.3435977
;41.3625355;2.0722214
;41.423052;2.2115904
;41.420595;2.199016
;41.3725749;2.1389966
;41.4246942;2.1195575
Espai d'oci;41.2241574;1.7308496
;41.2647673;2.0024932
;41.2646973;1.9724766
;41.4298258;2.1638834
;41.4288544;2.1645968
;41.4315136;2.1719989
;41.3914547;2.0171314
;41.8267542;2.1762849
;41.6185527;2.6002703
;41.5678294;2.5266451
;41.561258;2.5117987
;41.5904369;2.5888094
;41.602801;2.6189549
;41.5953058;2.585646
;41.5903726;2.5888744
;41.4087587;2.1923156
;41.4104191;2.140805
;41.386463;2.151614
;41.6466239;2.5093628
;41.4092098;2.1689475
;41.6183713;2.2872719
;41.4073894;2.0261911
;41.5665621;1.6381408
;41.5705205;1.641925
;41.4999815;1.8136604
;41.5014954;1.8137348
;41.5006601;1.8139333
;41.4995538;1.8144339
;41.5025857;1.8128182
;41.4662195;1.819251
;41.4392693;2.203202
;41.4361982;2.2066134
;41.4276785;2.1946345
;41.3877417;2.1349694
;41.4221347;1.7797277
;41.3591365;2.1455122
;41.322423;2.0838179
;41.6103219;2.3430929
;41.2747418;1.9786842
;41.3923845;2.154997
;41.4540249;2.1719856
;41.4858368;2.3468671
;41.5450882;2.4541906
;41.5625784;2.5103751
;41.4034113;2.2165731
;41.4765662;2.0846388
;41.5674808;2.4881059
;41.4346983;2.149636
;41.4272073;2.1616891
;41.4201528;2.2151281
;41.3699923;2.1889644
;41.4138505;2.1919822
;41.3744035;2.1397414
Joy 4 rent;41.2106995;1.7290525
Món de festa;41.2234566;1.7267652
;41.4859515;2.0208382
;41.4908565;2.0356718
;41.488169;2.0256811
;41.4886744;2.0253295
;41.4895833;2.026095
;41.4888443;2.0235967
;41.4902414;2.0193086
;41.4864757;2.0248531
;41.4890447;2.0253235
;41.4870945;2.0315914
;41.4892386;2.0333665
;41.489155;2.0331506
;41.4921173;2.0343612
;41.3663617;2.1507289
;41.3822262;2.1624145
;41.3887438;2.184638
;41.4261318;2.180517
;41.4269504;2.1796712
;41.4654251;2.2799522
;41.4524187;2.2568946
;41.7246461;1.8115972
;41.1976008;1.6569039
;41.3940378;1.5562586
;41.265056;1.9746099
;41.585111;2.5751299
;41.6146947;2.6678876
;41.6092724;2.6485041
;41.4029164;2.1836316
;41.4823449;2.318082
;41.4784755;2.3159405
;41.4355966;2.1737628
;41.4605071;2.1735017
;41.4771776;1.6125385
Parc infantil;41.5047103;1.812497
;41.2239502;1.7102892
;41.2682228;2.0325654
;41.2650698;1.9746392
;41.4066131;1.9780526
;41.3217621;2.0902784
;41.3206265;2.090509
;41.2804419;2.0828018
;41.2713739;2.0493084
Zona de jocs infantils de McDonald's;41.7235308;1.8473927
;41.3853315;2.1776619
;41.4161804;2.165675
;41.4215796;2.211833
;41.6850746;2.2900454
;41.4377724;2.2072471
;41.7410067;1.8849677
;41.22142;1.7124832
;41.4404879;2.1888902
Parc de boles Fantastic;41.2204256;1.7179146
;41.3709676;2.1214816
;41.2259982;1.7149067
;41.3813791;2.1538328
;41.3823693;2.1552755
;41.5344888;1.9893395
;41.5243419;2.0022489
;41.4961928;2.0348132
;41.6056116;1.644808
Món Imaginari;41.2241317;1.7235138
;41.6476462;2.7353509
;41.795549;2.2262781
;41.7969134;2.2178272
;41.7963766;2.2180345
;41.5823289;1.6232906
;41.5326824;2.4463275
;41.6190432;2.6008858
;41.618296;2.5968611
;41.6470483;2.7446795
;41.4388362;2.182473
;41.4438501;2.1821929
;41.7958366;2.2165849
;41.7981394;2.2156368
;41.7984255;2.2157142
;41.8000246;2.2173101
;41.7649583;2.1466017
;41.3898683;2.1394957
;41.799714;2.2246889
;41.6686475;2.7508198
;41.6749678;2.7506491
;41.4419693;2.1804057
;41.4450848;2.1770616
;41.375845;2.082913
Un Mar de Jocs;41.4100468;2.2153354
;41.535865;2.4501318
;41.7631006;1.6681265
;41.5283551;2.3930512
;41.5289081;2.3927136
;41.4236485;2.2263807
;41.4485864;2.2040402
;41.4509963;2.2015624
;41.4512803;2.2011764
;41.4042625;2.1713569
Parc de Joan Armengol i Moliné;41.4865176;2.2700485
;41.443986;2.1646596
;41.8800394;2.3011223
;41.3293133;2.0906447
;42.1364022;1.9940722
;41.7215255;1.8257344
;41.3774003;2.1566442
;41.4764195;2.2292967
;41.3214528;2.0923105
;41.3683125;2.059863
;41.3654731;2.0550377
;41.3628966;2.0555291
;41.3583746;1.986264
;41.4594756;2.205732
;41.3439512;2.0433932
;41.3475928;2.0383241
;41.3568289;2.0288595
;41.3808949;2.0799856
;41.3800002;2.0804744
;41.3799977;2.0683797
;41.3935401;2.1280427
;41.4477729;2.1811694
;41.4949711;2.1373632
;41.4947015;2.1321749
;41.4832473;2.1427545
;41.4563159;1.94893
;41.4108853;2.1314806
;41.4766124;2.0904409
;41.4401916;2.2424932
;41.440454;2.2412067
;41.4870703;2.0409367
;41.4968775;2.0417482
;41.4957735;2.0329168
;41.4850425;2.0355011
;41.4089894;2.110175
;41.5809319;2.0176818
;41.5806551;2.019161
;41.5655891;2.0115699
;41.5652913;2.0062596
;41.4161537;2.2145519
;41.4598659;2.2379931
;41.6127374;2.2853465
;41.600869;2.2853521
;41.511803;2.1956019
;41.5125495;2.1958794
;41.5157867;2.1950519
;41.5157762;2.1931037
;41.5162645;2.1933697
;41.5154231;2.1915839
;41.512462;2.1963363
;41.5362673;2.2180137
;41.5415218;2.2193727
;41.5419191;2.2195829
;41.5419791;2.2197775
;41.4541497;2.2123503
;41.5014971;2.1520302
;41.5044491;2.1551332
;41.5020387;2.1575015
;41.5312931;2.1212397
;41.4380382;2.223067
;41.5562345;2.0944029
;41.5597966;2.1008801
;41.5307619;2.1854758
;41.5317684;2.1811402
;41.2892444;1.9811616
Kolonihaven Caseta de Jocs;41.3880557;2.1182346
;41.5318661;2.4461315
;41.5313672;2.4454652
;41.3192375;2.1005795
;41.4947651;2.3559528
;41.4970731;2.3591008
;41.4925408;2.3582638
;41.3510379;2.1398826
;41.3582611;2.1250071
;41.6047162;2.6237065
;41.6170527;2.6594001
;41.3726208;2.0890602
;41.4730011;2.0753029
;41.4981721;2.3835183
;41.4984798;2.3836645
;41.4989869;2.3802699
;41.5078407;2.3900811
;41.4491707;2.184893
;41.5350355;2.4468755
;41.5432329;2.4542186
;41.542347;2.4544781
;41.5451064;2.452174
;41.54895;2.4486638
;41.5498003;2.4498279
Parc infantil;42.0349294;2.3706027
;41.4465782;2.1993344
;41.4248364;2.1538471
;41.5715321;1.6397153
;41.5712458;1.6354065
;41.5704784;1.6419586
;41.3568183;2.0788476
;41.6389539;2.7132794
;41.7561933;2.2442286
;41.6890398;2.1606461
;41.426515;2.2083097
;41.4377354;2.2070876
;41.4374878;2.2072093
;41.6891645;2.1648129
;41.4823005;2.267322
;41.6445226;2.7407046
;41.5818057;2.5135475
;41.4045625;2.1690436
;41.4044917;2.1688322
;41.4045285;2.168802
;41.4045249;2.168886
;41.4045259;2.1689566
;41.4119989;2.1801129
;41.9567737;2.0526748
;41.6207548;2.6729087
parc infantil;41.5637455;2.0416793
;42.2593825;1.9771494
;42.2414084;1.9647827
;41.4925289;2.0428715
;41.4926384;2.0428125
;41.4169739;2.2315383
;41.2864408;1.7198348
;41.2852215;1.7221743
;41.9012423;2.2851691
;41.3790601;2.1688179
;41.2748976;1.9761188
;41.6106811;1.9562839
;41.4874647;2.3225553
;41.3662467;2.0779858
;41.9366356;2.2639564
;41.376498;2.1434861
;42.0137359;2.03106
;41.8031838;2.2214765
;41.6099725;1.8445498
;41.3864629;2.1514958
;41.4755749;1.9248817
;41.3997495;2.1086348
;41.3995712;2.1102612
Àrea de jocs;42.0426576;2.4550102
;41.3876342;2.1296329
;41.544897;2.2519486
