properties.name;latitude;longitude
Eroski;2.0112952;41.2688839
Alcampo;2.0896983;41.5285035
Petit Preu;1.8441708;42.0998806
Caprabo;1.8533905;42.1035448
Super Pedret;1.8577599;42.1028414
Carrefour Market;2.6922148;41.629379
Carrefour;2.2842318;41.5960006
Lidl;2.0271622;41.5466314
Caprabo;1.6259704;41.5850491
Bonpreu;2.1291803;41.4879383
Mercadona;1.6365976;41.5745382
Open Cor;2.1256514;41.3910021
Condis;2.1844077;41.4901952
Carrefour;2.2697096;41.6638964
Caprabo;2.3224366;41.5895605
Proxim;2.232739;41.638688
Reyes;2.2329342;41.6393327
Condis;2.2380623;41.6130443
Caprabo;2.0176174;41.4114165
Dia;1.6069816;41.5726385
Schleker;1.6087842;41.5737958
Consum;1.608323;41.5741404
Caprabo;1.6076849;41.5745607
Condis;2.1747937;41.4468135
Consum;2.1780626;41.4416041
Mercadona;2.1804956;41.4375701
Mercat Ambulant Pla d' en Boet;2.4319513;41.53179
Mercat privat de Cerdanyola;2.4233525;41.5356736
Mercat privat el Pilar;2.4317269;41.5368336
Mercat Ambulant de Cirera Molins;2.4403894;41.5491815
Ambulant de l' Escorxador;2.453017;41.5450153
Tapias;2.6906113;41.6237546
Caprabo;2.6885617;41.6259995
;2.0867729;41.5755891
Condis;2.0896572;41.5008261
Mercadona;2.0899394;41.3196946
Mercadona;2.1314448;41.376111
Carrefour;2.2276514;41.4563057
Consum;2.1311301;41.3755969
Dia;2.1668348;41.373761
Condis;2.1352817;41.3761509
Vilagut;2.1846144;41.4909113
Dia;2.1488058;41.3901775
Alcampo;2.2303008;41.4262035
Condis;2.2511798;41.452488
Sorli Discau;2.2498648;41.4533342
Caprabo;2.2924051;41.4938354
Caprabo;2.1704622;41.3789612
Lidl;2.1974089;41.4127914
Bonpreu;2.1967739;41.4124433
Supercor;2.1961625;41.4119681
Condis;2.2020633;41.4138911
Caprabo;2.2189701;41.4404846
Condis;2.2191905;41.4416457
;2.0220605;41.4144932
Suma;2.2168542;41.4381799
Condis;2.1725927;41.4457676
Mercadona;2.1991561;41.4023418
Caprabo;2.1452028;41.4023154
Consum;2.1456319;41.4024683
;2.0806464;41.3828116
Caprabo;2.0306409;41.3510901
Mercadona;1.9607952;41.4546374
Condis;2.1717527;41.3796645
Jespac;2.1567295;41.3896126
Condis;2.16436;41.3747729
;2.2347458;41.5734724
Caprabo;2.1889995;41.3806017
Can Serrat;2.3929808;41.5040925
Condis;2.387634;41.5012604
Condis;2.3897327;41.5052857
Caprabo;2.1242464;41.3952853
Condis;2.0157145;41.4139175
Caprabo;2.0877751;41.4795648
Dia;2.1707589;41.4170257
Covirand;2.17028;41.4166857
Mercadona;2.0870803;41.371244
Covirán;2.0926803;41.3645175
Sorli;2.3802017;41.4985225
Mercadona;2.194425;41.4107728
Supermercat Pintor Fortuny;2.16861;41.3823171
Caprabo;2.0858614;41.3750143
Bon Area;2.0861552;41.5552727
Mercadona;1.9856994;41.2819318
Can Bassa;2.2229821;41.6559559
Caprabo;1.8138661;41.2490468
Lidl;1.8125626;41.2472722
ALDI;1.8112316;41.2477618
Bonpreu;1.8079194;41.2369426
Congelats la Sirena;2.0204921;41.563923
Bonpreu;2.2861673;41.6856877
Shlecker;2.2860368;41.6874522
Dia;2.144398;41.3861533
Consum;2.1442296;41.3869796
Caprabo;2.1454326;41.3851237
Caprabo;2.1686774;41.3761973
Dia;2.1711395;41.3826721
Supermercat Coaliment;2.1679417;41.3860999
Bon Area;2.0130826;41.5812267
ALDI;2.0234758;41.5807683
Bonpreu;2.1635248;41.4065703
BonÀrea;2.1546114;41.3887775
Spar;2.152291;41.3918433
Dia;2.1819658;41.4408242
Jespac;2.1420651;41.4114593
Mercadona;2.1252405;41.5181269
Dia;2.0955916;41.559528
Spar;2.0950766;41.5593032
Mercadona;1.8088415;41.2387489
Condis;2.0077361;41.3061407
Consum;2.0018036;41.3034718
Carrefour;2.0075937;41.2958755
Veritas;2.5416836;41.5751159
Condis;2.2157456;41.4482763
Mercadona;2.2180999;41.4493333
Consum;2.2170539;41.4461002
Consum;2.1255716;41.3771709
Consum;2.1260534;41.3793567
Condis;2.1270245;41.3780137
Caprabo;2.1293602;41.3776523
Lidl;2.1808131;41.4063957
Lidl;2.1307557;41.3741246
Mercadona;2.0049872;41.5649986
Condis;2.1695439;41.3732668
Herbodietètica Las Maravillas;2.1599276;41.4010895
Condis;2.1441562;41.4222359
;2.1625757;41.3854678
Bonpreu;2.1249657;41.3932977
Consum;1.9949498;41.3064367
Organic Market;2.1540527;41.4031304
OpenCor;2.133976;41.3947291
Dia;2.1136245;41.5103839
Jespac Supermercats;2.1603923;41.3869304
OpenCor;2.0916343;41.4717667
Condis;2.0799796;41.4720551
Congelats La Sirena;2.0887941;41.4721718
Carrefour;2.0534184;41.4821436
Sorli Discau;2.0025806;41.3075734
mini MIX;2.1850665;41.3830876
supermercat cabrils;2.3671642;41.5270917
Bon Area;2.0020148;41.3072183
Bon Area;2.151385;41.4012482
Caprabo;2.1791329;41.4303627
Congelats La Sirena;2.0070024;41.5528728
ALDI;2.0062208;41.5565611
Dia;2.2151565;41.4472031
Condis;2.1793486;41.4160116
Sorli Discau;2.1567221;41.4080772
Casa Evaristo;2.0089404;41.5633229
Mercadona;2.0774181;41.3479016
Condis;2.1571111;41.4356437
Caprabo;2.1196323;41.3749129
;2.0338152;41.5803105
Super Casanova;2.1624256;41.3824052
Condis;2.1121417;41.3771825
Mercadona;2.0876116;41.3715253
Dia;2.188448;41.3822852
Spar;2.1882542;41.3801129
Spar;2.1887534;41.3803462
Condis;2.1898797;41.3820067
Caprabo;2.0051698;41.3090468
Condis;2.182648;41.4052364
Condis;2.1883281;41.4107795
Condis;1.890426;41.5428507
;1.8920894;41.542547
Mercat Villalba;2.119519;41.3773681
Condis;2.4895148;41.6909622
Bonpreu;2.18928;41.4140368
Caprabo;2.0690083;41.3798027
Tantinyà;2.2072036;41.5376229
Mercadona;2.4890108;41.6816071
Bonpreu;2.4839464;41.6846217
Supermercat Llobet;1.8053719;41.7450043
Spar;1.8037259;41.7448102
Dia;1.8065143;41.7449551
Sorli Discau;2.217578;41.4534739
Suma;2.4509255;41.5423541
;2.1423536;41.3955415
Condis;1.9659725;41.4136707
Consum;2.1367034;41.3820828
Condis;2.1357723;41.3822443
Consum;2.2184799;41.434053
Condis;2.217131;41.434386
Mercadona;2.1267921;41.381252
Caprabo;2.1298667;41.3804716
Carrefour Market;2.1401829;41.3836428
Caprabo;2.170384;41.4281908
Condis;2.171184;41.4280184
Caprabo;2.174133;41.4279901
Condis;1.8154767;41.4992167
Dia;2.1612935;41.3745191
BonÀrea;2.1608907;41.3738074
Caprabo;1.9365358;41.38999
Mercadona;2.2109384;41.4061304
Mercadona;2.2101589;41.4064398
Caprabo;2.1387839;41.3745734
Mercadona;2.1432138;41.3794731
Dia Market;2.1780868;41.3808774
Condis;2.1794063;41.4279078
;1.8747127;41.751595
Condis;1.7237237;41.2228095
Caprabo;2.04523;41.4849016
Condis;2.1765635;41.4429836
;2.4223769;41.519497
Dia;2.1472479;41.4083034
Dia;2.1512953;41.4095619
Ametller Origen;2.1532652;41.405565
Dia;2.1482945;41.402391
Plusfresc;2.1371428;41.4064092
Dia;2.1388768;41.4117734
Opencor;2.0686848;41.4796972
Condis;2.1411244;41.3717889
Distop;2.0934225;41.5584221
Maximer;2.0172243;41.5766652
Talló;2.0234654;41.5604581
Talló;2.0130389;41.5726838
Talló;2.0126789;41.5747389
Bonpreu;2.2191453;41.430635
Caprabo;1.914264;41.4804051
Caprabo;2.1273963;41.3944077
Consum;2.1382777;41.3714024
Spar;2.6868269;41.6243014
Condis;2.0114513;41.5655805
Dia;2.1738847;41.4059186
Caprabo;2.1772722;41.4064566
Coaliment;1.9710099;41.2662727
Lidl;2.1656895;41.4004677
Bonpreu;2.1678404;41.3997176
;2.1256964;41.3728967
Bonpreu;2.156549;41.3911342
Charter;2.006351;41.3994289
Condis;2.006044;41.4002223
Bon Àrea;2.007618;41.3991191
Condis;2.0073373;41.3979694
Bonpreu;1.9161057;41.4772679
Condis;2.2124529;41.5395048
Dia;2.2116215;41.5394209
BonÀrea;2.203854;41.4004176
Mercadona;2.0756661;41.3720043
Condis;2.1406086;41.4246854
Superestalvi;2.1682109;41.3965084
7days;2.2108806;41.5386399
Caprabo;2.1658744;41.400339
Caprabo;2.1689106;41.395533
Dia;2.0836426;41.3693161
Caprabo;2.0908858;41.4720622
Jespac;2.1372386;41.4044821
;1.5135985;41.7332178
Mercavila;1.9686581;41.4124764
BonÀrea;2.2091409;41.540959
;2.5383858;41.6124975
Supermercat;2.1516985;41.4067026
Mercadona;2.1504147;41.3958643
Consum;2.1487988;41.3978028
Lidl;2.1819404;41.428821
;2.1833245;41.4288231
;2.1728576;41.4361126
Mercadona;2.3025806;41.6165655
Spar;2.1176401;41.3758729
Consum;2.1977378;41.390608
Sorli Discau;2.1907387;41.3915206
Caprabo;2.1895606;41.3919204
Consum;2.1466223;41.3816843
Condis;2.2353776;41.4542428
Dia;2.2370343;41.4513216
Super Mercat;2.2352418;41.4534736
Mercadona;2.2367572;41.4483841
Condis;2.2306598;41.4526563
Condis;2.1536098;41.3835125
Mercadona;2.1533419;41.3808618
Bonpreu;2.1654032;41.4390594
Consum;2.1485264;41.4337299
Mercadona;2.4326362;41.5271806
Consum;2.1742348;41.4359231
Caprabo;2.173662;41.4376808
Condis;2.1335234;41.3712408
Dia;2.1056353;41.3727931
Badul-a-que;2.1137462;41.3873877
Alimentació Pons;2.1125752;41.3867813
Condis;2.1133869;41.3864706
Supermercat Navarro;2.2238752;41.4506755
Mercadona;2.1816279;41.4065935
Condis;2.1218425;41.3732194
Condis;2.1982691;41.4036886
Keisy;2.1946588;41.4058919
Carrefour;2.1917031;41.405634
Dia;2.1229782;41.3760043
Caprabo;2.1231318;41.3761001
Suma;2.0086949;41.3950643
Mercadona;1.9745605;41.2823445
Hipercor;2.0883201;41.3545649
CC Anec Blau;1.9873783;41.2829941
Spar;1.9441716;41.2687794
Condis;2.1636995;41.3988525
Condis;2.0431782;41.456866
Sorli Discau;2.2074101;41.5457247
Sigo;-64.6730297;10.110659
Mercadona;2.1523066;41.3801817
Supermercat Neus;1.7077944;41.5186161
Mercadona;1.8162089;41.7221972
ALDI;1.8161476;41.7227882
Dia;1.8411701;41.7231036
Condis;1.9540532;41.55795
Jespac Supermercats;2.1511903;41.3927327
Bonpreu;2.161438;41.3888337
Llobet 1923;1.8236665;41.7287483
Mercadona;2.1920367;41.4490455
Pozo;2.1908284;41.4515556
Condis;2.1607601;41.412063
Dia;2.1631237;41.4094587
Caprabo;2.1632524;41.410011
Condis;2.1628635;41.4095087
Condis;2.1581681;41.3742726
Condis;2.0819256;41.4731465
Super Vallcarca;2.1490232;41.4179507
Supermercat Sant Marc;1.9932433;42.1353226
Supercor;2.1046494;41.5517009
Condis;2.1697543;41.4349161
Open Super;2.142696;41.3786081
Hipermercat Esclat;2.2431835;41.8822618
Caprabo;2.1895967;41.4180731
;2.0702027;41.3724922
Mercadona;2.149715;41.3762564
Max Supermercat;2.1954414;41.3895216
Superservis;2.1766523;41.3812389
Kings 24h;2.1644506;41.3774886
Dia;2.1739648;41.3786743
Caprabo;2.1890428;41.4173464
Dia;2.49237;41.6881937
B.H.G Supermercat del Món;2.1622923;41.3763778
Consum;2.1622763;41.3809156
Suma;2.1626252;41.3835216
MercaNautic;2.1786001;41.3773917
Caprabo;2.1507542;41.3864764
Suma;2.1467858;41.4106971
Bonpreu;2.1593313;41.3772015
Suma;2.1602594;41.3772317
Argenteria;2.1799953;41.3837836
Coaliment;2.1795195;41.3831846
Supermercat Picasso;2.1797276;41.3848714
;2.1650882;41.3862397
Lidl;2.1884594;41.392798
Expobrill;2.0400924;41.381066
Eurocity;2.2064771;41.4510009
Lidl;2.2033032;41.4047978
keisy;2.1789166;41.4041684
Mercadona;2.1704485;41.394526
Caprabo;2.0111234;41.3934697
Bon Area;2.0099299;41.3896968
Condis;2.1839656;41.417008
Lidl;2.1841954;41.4175222
Lidl;1.8372573;41.7342868
Mercadona;2.1397071;41.383364
Mercadona;2.1465409;41.3876396
Catalunya Supermercat;2.1340233;41.3701514
Condis;1.8042148;41.74286
Condis;2.1901456;41.41648
BonÀrea;2.1980156;41.4174986
Dia;2.1948556;41.4159831
Consum;2.1702533;41.4028924
Super Moyer;2.1827397;41.4416172
Supermercat SuperDragó;2.1821812;41.4391569
Sorli Discau;2.1847634;41.4422592
Condis;2.1818189;41.4400902
Soni;2.1536184;41.5038936
Caprabo;2.0824807;41.3605779
Alimentación Egea;2.082842;41.3621011
BonÀrea;1.8381679;41.7282248
Condis;1.837903;41.7276508
Bonpreu;2.0525163;41.3798951
Mercadona;2.0556928;41.3827326
Caprabo;2.0735855;41.3849338
Bon Area;2.1329222;41.3697062
Supermercats Sorli Discau;2.0905535;41.5724368
Bon Area;2.1217544;41.3974037
Dia;2.2181037;41.444568
Alimentació La Torra;2.1516647;41.3910206
Consum;1.8784079;41.7520229
Condis;2.1460844;41.3981285
Caprabo;2.144769;41.3971017
Bonpreu;2.4373572;41.5411983
Bon Area;1.9339293;41.3889596
Mercadona;2.1276205;41.3643125
Condis;2.1038653;41.4138765
ALDI;2.7429275;41.6550181
Condis;2.7385442;41.6432298
Mercadona;2.7468982;41.6522418
Dia;2.2166463;41.4416774
Condis;2.2150515;41.4399584
Condis;2.2049224;41.4371158
Sorli Discau;2.2042069;41.4368357
Sorli Discau;2.5151109;41.5648058
Carrefour Market;2.1962763;41.4200219
rico;2.1998443;41.4023159
Condis;2.1595218;41.4040048
Caprabo;2.1714302;41.4023821
Dia Market;2.1622868;41.4040084
Condis Exprés;2.1546703;41.4018251
Fruites I Verdures;2.2035839;41.3991782
Marcel Herrero Fruteria;2.1597432;41.3758337
Sorli Discau;2.187446;41.4201316
Consum;2.1617533;41.413988
Caprabo;2.1618264;41.4074359
Caprabo;2.1811472;41.4220714
Caprabo;2.1850064;41.4221319
Consum;2.160447;41.4119453
Consum;2.1564657;41.3835203
Can Torreta;1.7717237;41.258659
Can Torreta;1.7694631;41.2607569
Dia;1.7766974;41.2593765
Bon Area;1.7768145;41.2593302
Dia;2.2005776;41.4143356
Mercadona;2.2052715;41.4010293
Dia;2.1894997;41.408738
Condis;2.5120155;41.5796928
Sorli Discau;2.2243594;41.440326
Mercadona;2.0740992;41.3544109
Dia;2.2213531;41.4404854
Suma;2.1465907;41.3734372
Dia Market;2.4268978;41.5405934
Consum;2.1658428;41.3763656
Mercadona;2.0876817;41.6164041
Caprabo;2.1078648;41.3484053
Dia;2.0280762;42.0093388
Supermercat Llobet;2.0291136;42.0083815
Supermercat Schlecker;2.0297254;42.0090335
Spar;2.0299527;42.0083044
Jaime Renobell;2.1845656;41.3862387
Covirán;2.2193537;41.4504954
Mercadona;2.1858405;41.3930166
Sorli Discau;2.1850318;41.391263
Organic vegetables;2.4804505;41.5512963
Dia;2.110055;41.5292456
Lidl;2.1092175;41.5298363
Condis;2.1462933;41.3796399
Mercadona;2.0795549;41.3677139
A One Mercat;2.0168907;41.3673955
Bon Area;2.0167414;41.3683975
Consum;2.0163925;41.3683053
Condis;2.0209316;41.3681478
mini market;1.8091403;41.235618
Premmia Mercat;1.8091916;41.236779
Veritas;1.8069962;41.2388486
;2.2836322;41.9251579
;2.2838209;41.9247289
Mercadona;2.1105387;41.5240613
Alcampo;2.2247843;41.4438378
Esclat Vic2;2.2525702;41.9212974
Lidl;2.009009;41.3032652
Bonpreu;2.2433373;41.4477195
Mercadona;2.2429546;41.4377466
Condis;2.1525491;41.4063688
Mercadona;2.1874012;41.4174459
Condis;2.1382004;41.4124231
Condis;2.1390855;41.4129421
Super Fresc Supermercat;2.1774271;41.381459
Dia;1.8927485;41.8277961
Condis;2.2034307;41.4027825
Komesano;2.1886893;41.3805162
Caprabo;2.1114106;41.542302
Condis;2.1095393;41.5438543
Spar;2.1403809;41.4906479
Caprabo;2.13765;41.4915689
Condis;2.0134879;41.5773645
Caprabo;2.0127315;41.5780849
Mercadona;2.0160151;41.5774344
Mercadona;1.9965475;41.4206127
Spar;2.156774;41.4040266
Condis;1.9017519;41.7526368
Pescaderia;2.1709859;41.4283151
Dia;2.16987;41.3821096
Condis;2.2264076;41.4417909
Dia;2.2233053;41.4445354
Condis;2.2239663;41.4432769
Supermercats Legou;2.2235282;41.4441022
Molsa Tot Bio;2.3176388;41.4817854
Condis;2.2527083;41.767344
Casa Fígols;1.7348888;42.0174955
Condis;2.0846429;41.3721447
Condis;2.0848196;41.3769353
;2.175603;41.3776083
Supermercat MG;2.2417178;41.9332022
Condis;2.0808167;41.3641292
Dia;2.2161084;41.4400215
Casa Ametller;2.1782408;41.4050395
Caprabo;2.1769855;41.4054123
Dia;2.178466;41.4045329
Dia;2.6542922;41.6135365
Summa;2.3012169;41.6307283
;2.1672795;41.3794904
;2.167645;41.3805804
Condis;2.0445002;41.387308
Condis;2.0452876;41.3882152
Bon Àrea;2.0459476;41.3860934
Dia;2.0459234;41.3860078
ALDI;2.0281997;41.3210514
Mallorca;2.1668075;41.3968803
ALDI;2.2685158;41.6629949
Dia;2.2691562;41.663357
Cooperativa Plana de Vic;2.2692327;41.6633995
Mercadona;2.1724743;41.4082199
Mercadona;2.250243;41.4567322
Mercadona;2.229622;41.442599
Condis;2.2274914;41.4402216
Mercadona;2.2733685;42.0401738
Bonpreu;2.3075231;41.987928
Esclat;2.0043687;41.5702428
Condis;2.2415797;41.9331905
Mercadona;2.1936151;41.4375487
Caprabo;2.0792547;41.3602817
Condis;2.2583088;41.4558189
Dia;2.6915283;41.6231744
Condis;2.1829547;41.4181472
Keisy;2.1638196;41.4022225
Molsa;2.1647548;41.3772039
Mercadona;2.1869263;41.4255051
Caprabo;1.9797957;41.2799661
Charter;2.2088708;41.5338693
Supermercat Murcarols;1.9746179;42.2445592
Veritas;2.2566395;41.9308459
Condis;2.164886;41.402147
Condis;2.1625316;41.4289143
;2.1666192;41.4854097
Caprabo;2.1438878;41.3896311
Charter;2.1715831;41.4065274
ALDI;2.1632557;41.4054024
Condis;2.4013997;41.553672
Mercadona;2.212077;41.4138775
Nana La Garriga;2.2820607;41.6732285
Mercadona;2.1756645;41.390614
Veritas;2.1583462;41.3956445
Veritas;2.1782537;41.3845253
Condis;2.1615808;41.3736866
Caprabo;2.1783567;41.3859243
Condis;2.1733389;41.4332698
Consum;1.8356881;41.7302721
Bon Area;1.8054253;41.7445054
Mercadona;2.0846618;41.3241688
Lidl;2.0836144;41.3237347
Aldi;2.0851724;41.3242625
Sorli Discau;2.2064241;41.4164049
Sorli Discau;2.2053724;41.4183312
Caprabo;2.2020355;41.4197657
Condis;1.8144376;41.501786
Suma;2.1787023;41.3918035
Dia;2.2168977;41.4342136
Bon Area;2.2184941;41.4404182
Cerca plus;1.6946451;41.2235887
Mercadona;1.7185623;41.2280254
El petit rebost;1.7231747;41.2257901
Bon Area;2.2650703;41.5428679
Caprabo;2.1951019;41.4158211
Condis;2.1953782;41.4155978
BonÀrea;2.2049086;41.4175854
Veritas;2.1491964;41.3759282
Veritas;2.1685458;41.3827281
Xino;1.8494439;42.0950329
BonÀrea;2.1882947;41.4076204
Condis;2.19411;41.4131069
Llobet;1.8799691;42.0347283
Hiper Galicia;2.1396824;41.3786928
Bonpreu;2.6640308;41.6161219
Solergibert;1.8800607;42.0335201
Dia;2.6625199;41.6152363
Bon Area;1.8804634;42.0321175
;2.1882383;41.3934288
Dia;2.2048464;41.4218024
Bon Area;1.812362;41.5009232
Condis;2.3545102;41.4923182
Caprabo;2.1288498;41.3671922
Spar;2.6546695;41.6129011
Badulake Reig;2.1156672;41.3774794
Dia;2.1143442;41.3767305
Almar;2.1149871;41.3759295
Caprabo;2.6514246;41.6114995
Consum;2.1321842;41.3848443
Dia;2.0438559;41.3404128
Condis;2.0888721;41.6151342
Bon Area;2.149578;41.4208674
Dia;2.1497832;41.421064
Dia;2.0143624;41.3101318
Supercor;2.1565983;41.3987468
Condis;2.171973;41.4115022
keisy;2.1697112;41.4086255
EL superLatink;2.1727047;41.4063871
;2.1893739;41.3757112
Ametller Origen;1.8319166;41.7361322
;2.1995985;41.3931177
Suma;2.20759;41.4593791
Sorli Discau;2.1760335;41.398686
Scorli Discau;2.1786843;41.4091912
;2.1595079;41.3824784
Charter;1.8247785;41.7228914
Cal Carlets;1.7799999;41.5812804
Granja Armengol;2.1603257;41.4021816
Llobet;1.7840551;41.7817093
Bonpreu;2.5770921;41.5890266
Spar;2.5781701;41.5884543
Bon Area;1.8771184;41.8987456
;1.879129;41.90165
Supermercats Llobet;1.8748481;41.8651036
BonÀrea;1.8740683;41.8645868
Condis;1.8746188;41.8636253
Sorli Discau;2.2042005;41.4214112
Condis;2.2032339;41.4206827
Caprabo;2.1514379;41.3971459
"Carn i Bestiar Prat ""Cal Caleio""";1.8418421;42.0132574
Condis;2.2409572;41.4577152
Caprabo;2.1456962;41.492674
Condis;2.1441474;41.4932167
BonÀrea;2.1408942;41.4116126
Sorli Discau;2.1343971;41.4075811
Caprabo;2.1366124;41.4080919
Lidl;2.0401868;41.3872332
Mi Alcampo;2.1814403;41.3863467
Dia;2.1775861;41.4413254
;2.1730545;41.4374271
Pasta italiana Fresquitto;1.7236811;41.2232441
Superfull;-64.6817747;10.1485155
Dia;2.1727397;41.4388496
Llobet;1.8051784;41.7394008
Dia;2.2538568;41.4656857
Esclat - Manresa;1.8435243;41.7367265
Queviures Victoria;1.8763869;41.8957674
Mercadona;2.0171212;41.5574769
Consum;2.1645498;41.3757257
Bodega Molino;2.1649387;41.3763035
Mercadona;2.1349904;41.4061984
Mercadona;2.1803846;41.4941878
Suma;1.6781517;41.2017538
Condis;2.1570762;41.3789732
Condis;2.1595395;41.3791256
Herbolari.;1.8797623;41.8991106
Dia;1.8777158;41.8974829
Supermercat Llobet.;1.8790745;41.9002935
Pintures Domènec. Drogueria.;1.8789078;41.899593
Caprabo;2.1328276;41.4049674
BonÀrea;2.1327715;41.4049079
Mercadona;2.1813542;41.4351011
Mercat Municipal La Sinia;1.7457217;41.2319362
Mercadona;1.7459066;41.2321507
Congelados La Sirena;1.6502685;41.2016247
Condis;1.6864929;41.5267919
GRA NOA;2.0774813;41.3598799
Coaliment;2.174804;41.387119
Bon dia;1.8207381;41.7271022
Veritas;2.1249977;41.3955203
Veritas;2.1514522;41.3992646
Caprabo;2.1477257;41.3803126
Mercadona;2.0343661;41.5762934
Bon Area;2.0320734;41.5767283
ALDI;2.1459307;41.3903004
;2.1004381;41.3740294
Carrefour;2.129897;41.358679
Alcampo;2.051514;41.331345
Food Lion;2.1457466;41.4029127
Honesto;2.1751092;41.3962809
Keisy;2.1762919;41.3979078
Disfruta;2.1781812;41.4164517
Super Verd;2.1726469;41.4195572
Natura Fruts;2.1801945;41.4210894
Holliday;2.1723503;41.4189912
BonÀrea;2.1783965;41.4233816
Fresh;2.1792425;41.4220878
Maragall 99;2.1803372;41.4183752
Jespac;2.1643581;41.3751862
;2.1638533;41.3758472
Dia;2.0854306;41.3615165
Condis;2.1660866;41.4052153
Cermo;2.1660697;41.4051093
Comtal;2.179799;41.3894574
Condis;2.1833542;41.3990208
Suma;2.1808941;41.4132532
Consum;2.182071;41.4110098
Mercadona;2.1824536;41.3957647
;2.1758518;41.4177461
Veritas;2.1647038;41.3888364
Veritas;2.1334388;41.3860658
Mercadona;2.0769209;41.3592102
Bon Area;2.1450166;41.3746971
Suma;2.1604875;41.3726806
Lidl;2.1577723;41.3860304
Condis;2.0465146;41.3864886
Ametller Origen;2.178299;41.4109246
Charter;2.1787247;41.4109137
Maa Supermercat;2.1716917;41.3924929
Caprabo;2.1809917;41.4220019
Bonpreu;2.1763582;41.4125619
Mercadona;2.1542336;41.3881292
Charter;2.1758128;41.4098936
CoAliment;2.181018;41.41357
Supermercat Yangkuang;2.1796214;41.3921998
Condis;2.1849324;41.409253
Condis;2.1579207;41.4026565
CoAliment;2.167552;41.407284
El Graner;2.181729;41.4112658
Ametller Origen;2.1341504;41.3980156
BonÀrea;2.1809443;41.4135103
Bonpreu;2.1826106;41.4208873
Cosmo Cash & Carry;2.163053;41.3797352
Mercat;2.1811358;41.4151888
Mercadona;2.1798302;41.3951944
Organic Market;2.1552869;41.4071065
El call;2.120243;41.7515135
Jumbo;4.5818997;51.9815587
Consum;2.1118502;41.3693246
;2.1693434;41.3765785
Condis;2.1873574;41.4828882
Sorli Discau;2.3605786;41.5016042
Consum;2.0285261;41.560906
Spar;2.6644445;41.6154654
;2.3956143;41.504404
Carrefour Market;2.1789367;41.4193044
supermercat forn de pa;2.0331431;41.5766347
Bon Area;1.5412697;41.6029562
lo vencill;2.1626807;41.4076763
Condis;2.1394637;41.3600188
Condis;2.0771731;41.3839862
Veritas;2.1544643;41.3888165
Los Mellizos;2.0011256;41.568289
Caprabo;2.0020728;41.5708752
Bon Area;2.0027879;41.5698621
The Livingfood;2.1582721;41.3788135
Mercadona;2.1084884;41.370484
Próxim Ripollet;2.1566228;41.5018093
Supermercats Juma;2.1593935;41.5040974
Covirán;2.1597931;41.5010902
Bon Area;2.1607454;41.4970001
BonÀrea;2.1569099;41.4980746
Tutti Frutti;2.1614668;41.4987599
Comestibles Ropero (CoAliment);2.1622125;41.4997965
Alimentació Pica d'Estats;2.1552977;41.505502
Condis;2.1550689;41.5067134
Bonpreu;2.1625469;41.4964363
Dia Market;2.1640436;41.4958477
Carnicería Ripollet;2.1660365;41.4950461
Condis;2.1668237;41.4947577
Charter;2.1497474;41.4922736
Bosal Alimentació;2.1496938;41.4924343
Caprabo;2.1758001;41.4159926
Consum;2.1676327;41.4122109
Supermercat Sicilia;2.1718323;41.4029558
Jardi Fresco. Fruites i verdures;2.1564097;41.3819861
Eroski;2.1386801;41.4023575
Consum;2.0433512;41.3351672
Consum;1.8166497;41.2395626
Suma;2.220774;41.4387759
Sorli Discau;2.2234302;41.4411154
Mercadona;2.099209;41.5383844
Mercadona;1.6929268;41.3419182
Maxi Dia;1.6904556;41.338061
Spar;1.610745;41.3865786
Covirán;1.6125259;41.3860049
Charter;2.1776392;41.388886
Mercadona;1.7007985;41.3346698
Caprabo;1.8223663;41.7261752
Bon Area;2.1896734;41.4362341
BonÀrea;2.2182866;41.5451385
De tot al Born;2.1826223;41.3847547
Dia;1.7332305;41.3534569
Caprabo;2.1473386;41.4086437
Ametller Origen;2.1580006;41.4015258
Mercadona;2.1830247;41.4209303
Condis;2.2224299;41.4379608
Caprabo;2.2227668;41.4380153
Lidl;2.2197876;41.4350673
Condis;2.1284648;41.4036156
Condis;2.156262;41.5547143
Bon Area;2.1554251;41.5566091
Bon Area;2.138054;41.3826406
Suma;2.157354;41.4068568
Spar;1.8201186;41.7286696
;2.1746451;41.3858981
Awami;2.2174714;41.4338344
Le Regioni d'Itàlia;2.1565427;41.4026504
Veritas;2.1538051;41.4052752
Condis;2.1546547;41.4045232
Condis;2.1590318;41.4065742
Caprabo;2.179306;41.4147539
Panxa Contenta;2.1386028;41.4928531
El picotí;2.1417509;41.4916468
Crespo;2.104669;41.4132697
Sorli Discau;2.0799838;41.4688652
La Grana Ecològica;1.8544164;41.6685071
Dia;2.183247;41.4075009
Llobet;1.827716;41.7241021
Bonpreu;2.1546516;41.4058786
Veritas;2.1589715;41.4006172
Súper Sant Cugat;2.0788746;41.4682068
Veritas;2.0794868;41.4725529
Proxim;2.1619196;41.4068477
Qaidre;2.1606277;41.407866
Alimentació;2.1615829;41.4052831
Consum;2.1872308;41.4194371
Àsia;2.1668629;41.3862536
Dong Fang Extremo Oriente;2.1670115;41.3861801
El Pages d'Or;2.1619606;41.3797898
Grans de la Terra;2.1536654;41.3759466
Al gra;2.1541322;41.3996311
BioBarri;2.1772912;41.3903303
Dia;2.1334164;41.403431
Coaliment;2.1334124;41.4038372
BCN;2.1619522;41.3842948
DEPASO;2.162532;41.3845266
Autoservei 24 h;2.1616529;41.3841149
Ametller Origen;2.152698;41.4022154
Dia;2.206202;41.4518788
Veritas;2.1669614;41.4017143
Caprabo;1.683515;41.5294813
Mercadona;2.1707056;41.4628728
Colmado Can Cuyás;2.1689067;41.4628547
Supermercat S.Z.;2.1704516;41.4615723
Casa Ametller;2.1633829;41.4077083
Supermercat Llobet;2.0288951;42.0083391
Suma;2.1208597;41.5300922
Veritas;2.1779109;41.3847635
Ali Alimentació;2.1581494;41.5019168
Super Afores;2.1574279;41.5027083
2G la granja;2.1412757;41.4915589
Charter;2.160252;41.382865
Casa Perris;2.1826867;41.3858149
Cal Blau Sabadell;2.1037066;41.5463029
Dia Market;2.1922891;41.5121367
Caprabo;2.1924286;41.5131399
BonÀrea;2.1940678;41.512875
Mini Mercat;2.1925064;41.5133267
Condis;2.1866616;41.4398098
;2.225223;41.4396663
Supermercat Carnisseria Memhmood;2.2247563;41.438432
Congelats la Sirena;2.0804231;41.4703553
Dia;2.223087;41.437526
Awami;2.2186071;41.4344154
Consum;2.1185339;41.5296742
El Rebost del Pou Calent;2.2860024;41.6834594
Mercadona;2.1156663;41.3759162
;2.1565212;41.4103144
Supermercat;2.1437201;41.3917392
Golosinas y helados Eva;2.2810959;41.614364
Condis;2.0906079;41.5640868
Dia Market;2.0890925;41.5668934
Caprabo;2.0901667;41.5640748
Bon Area;2.0903276;41.5646216
Condis;2.1164825;41.5286267
Rabia Express;2.1150931;41.5285544
Bon Area;2.1149161;41.528207
Supermercado;1.9831368;41.4741916
Condis;2.3251303;41.5873019
Keisy;2.1681771;41.4040377
express;2.1215645;41.5249539
Caprabo;1.8228265;41.7333049
Supermercats Chaouia;2.2207991;41.4468414
Condis;2.2212244;41.4477437
Lidl;2.1719214;41.3731607
Caprabo;2.1275651;41.3729561
Best Price Supermercat;2.2053782;41.5472094
Dia;2.0250057;41.5692672
Parami;2.1611972;41.3858414
Idoni;2.1573197;41.3770692
Mônmas;2.1638895;41.3772931
Supermercado Jiulong;2.218651;41.448787
Condis;2.2160241;41.4548728
Tong Yi;2.2161943;41.4486368
Mercadona;2.2021061;41.4525524
Carrefour Market;2.6735016;41.6226435
;1.7072912;41.5182976
Sorli Discau;2.1497014;41.4931948
Alimentació;2.1478373;41.4928733
Covirán;2.1451149;41.4907196
Dia Market;2.1446911;41.4910993
Proxim;2.1835373;41.5328845
Mercadona;2.1806419;41.5376394
Millor preu (Dusa);2.387859;41.5089559
Condis Express;2.1538483;41.3976424
Condis;2.5270758;41.5702705
Yes Future;2.1594335;41.3782082
Bonpreu;2.2034336;41.4005835
Petit Supermercat Tiana;2.2684369;41.4835124
Condis;2.2679493;41.4822864
Mirza;2.249825;41.5526669
Dia;2.1941948;41.3980449
Tradys;2.1624891;41.4945978
Suma;1.8395961;42.0135137
Covirán;2.1280813;41.5471975
BOOM;2.1281993;41.547067
;2.1280598;41.5487231
Tandy;2.1263218;41.5509191
Condis;2.1259302;41.5512282
Punt Taronja;1.8294129;41.500403
Supermercat 24h;2.1600059;41.3836092
Casa Nova;2.1587971;41.3835351
Aliments i Comestibles del Món;2.1598361;41.3844445
Ca l'Atmetller;2.1568602;41.3876829
Condis;2.1607922;41.498124
Spar;2.1731905;41.3848919
Mercadona;2.036116;41.4950224
Dia;2.0994723;41.55025
Bon Area;2.1017476;41.5508009
Sorli - Discau;2.1012664;41.5517155
Sorli - Discau;2.1134845;41.5473691
Lidl;2.1622764;41.3789516
Dia Market;2.136098;41.6077667
Consum;2.0821353;41.5517716
Condis;2.2438964;41.4457847
Molsa;2.249715;41.4492026
Covirán;2.086604;41.5319059
Bon Area;2.0840076;41.5310656
Condis;2.0845628;41.5313106
Spar;2.1578796;41.3880204
Carrefour;2.7174379;41.6367431
Big Market;1.9957993;41.5691165
Condis;2.1852997;41.5297604
Spar;1.6947831;41.3488649
Supermercat I Forn de pa;2.1244186;41.5252512
Condis;2.0794263;41.4799148
Condis;2.1312836;41.5168108
Sorli;2.2955585;41.4907321
Dani;2.2136424;41.6740453
Suma;2.2143344;41.6731197
veritas;2.0087554;41.565893
Dia Market;2.6897598;41.6263492
Bon Area;2.6886674;41.6260524
deli;2.6930547;41.6227101
ALDIA;2.7298988;41.6376514
Supermercat 2002;2.7327263;41.6388064
Gran Pacific;2.7343666;41.6397154
;2.7359598;41.6398357
Susan Pins;2.7250819;41.6343814
Bonpreu;2.7231286;41.6932711
Dia;2.7200387;41.6970484
Bonpreu;2.718998;41.6989089
Condis;2.6734289;41.7247473
Dia Market;2.2637596;41.5423199
Condis;2.1845122;41.413161
Caprabo;2.167157;41.4065255
Carrefour;2.1388466;41.5078688
Fruiteria i Verdures;2.1194351;41.5327248
Caprabo;2.118955;41.5360959
Dia Market;2.1181557;41.5376779
Mercat Orient;2.1109465;41.5421538
Suma;2.2364727;41.4519854
Bon Area;2.2371818;41.4529441
Noor Supermercat;2.1911368;41.4256929
Suma;2.1910858;41.4272012
Condis;2.1900149;41.4297272
Euroland;2.1634596;41.4960861
Juma;2.1578762;41.4969377
Condis;2.1565122;41.4967839
Condis;2.1535672;41.5003597
Super Fruits;2.1665428;41.4945341
;2.0307884;41.4874147
Condis;2.0310571;41.4881651
;2.1796633;41.4116728
Caprabo;2.2899552;41.6143644
Mercadona;2.0259697;41.5476243
Primaprix;2.0272491;41.5464359
Mercat de la Creu Alta;2.1016665;41.5607007
veritas;2.1975642;41.44188
Mercadona;2.0826031;41.5607722
Sabors del mon;2.2008238;41.447503
Lidl;2.1451672;41.3920837
Dia;2.156826;41.4221312
Bona Compra;2.1188843;41.5303606
Supermercat Sabadell;2.099618;41.5447313
24h Supermercat con pan;2.183368;41.4022345
Caprabo;2.1083226;41.3518805
Ametller Origen;2.1667913;41.4002746
Supercor;2.1672053;41.4014748
Suma;2.1373687;41.4024482
New supermercat 2013;2.2416983;41.4490811
Comercialdos;2.1811689;41.388027
OBBIO;2.1521447;41.391962
Casa Artesa;2.152249;41.3798901
Con pan;2.1501894;41.3903769
Caprabo;2.1490156;41.3912508
Dia;2.1579129;41.408634
Covirán;2.1682174;41.3848888
Condis;2.0488208;41.3851896
Fortuna;2.089786;41.475533
Pròxim supermercat;2.0900662;41.4750561
Bonprix;2.0809241;41.466718
Bonpreu;2.1535665;41.3996276
Sorli;2.1557249;41.4007737
Superservis;2.1220556;41.3990917
Supermercat;2.1206843;41.4007927
Caprabo;2.1468551;41.4123752
Sorli Discau;1.9794107;41.2704965
Dia;2.0429367;41.3800213
Consum;2.1614601;41.3801743
Bon Area;2.188263;41.4163407
Tokyo-Ya;2.1520791;41.397182
Mercadona;2.0110188;41.3207523
Ametller Origen;2.1331163;41.3858651
Bonpreu;2.1907122;41.4218962
BonÀrea;2.2194732;41.4351502
Caprabo;2.168672;41.4302932
Graneria sala;2.1564315;41.4004787
MiAlcampo;2.176844;41.3823442
ALDI;2.184051;41.3848478
Mercadona;2.2545694;41.9397194
Primaprix;2.254269;41.9406791
Petit Preu;1.8793931;42.2335299
Cal Fruitós;2.1866095;41.4234284
Sorli Discau;2.1475312;41.3843365
Cada Día;1.841541;41.6096379
Bon Area;2.0884598;41.614633
Caprabo;2.1570793;41.3949546
Bon Area;2.3987608;41.6394103
Mercadona;2.1770146;41.4003675
Dia Market;2.1371478;41.3870417
Jolly Supermarket;2.1692626;41.4156154
Ametller Origen;2.0695555;41.478788
Dia Market;2.0831007;41.6133547
Condis;2.0861549;41.610708
Condis;2.1518598;41.4081939
Mercadona;2.0418016;41.375916
Taste of America;2.1443872;41.4029458
Superservis;2.1485653;41.40341
Dia;2.1801389;41.4257931
Supermercado;2.0862733;41.568992
Sorli Discau;2.1902444;41.4115279
Dusa;2.0429538;41.3479198
Dia Market;2.1316434;41.383764
Lidl;2.1886676;41.4398705
Mercadona;2.1718528;41.4319198
Supermercat;2.2532699;41.9321904
Bazar Gran Mon;2.4473076;41.5446675
Condis;2.1847265;41.4362161
NŪDA MARKET;2.1576121;41.4070294
Bonpreu;2.1761006;41.4014517
Suma;2.15797;41.4224081
Condis;2.1565817;41.3925802
Suma;2.1508179;41.3895766
Sorli;2.1331772;41.3841025
Condis;2.1321858;41.3838536
ALDI;2.1373907;41.385669
;2.1807707;41.3813188
Casa Ametller;2.2530851;41.9308246
Euro Supermarket;2.2515222;41.9279057
Casa Espina;2.2530857;41.9316757
Bonpreu;2.2514597;41.9320034
Supermercat Canyameres;2.0926299;41.6174189
Supermercado Carme;2.1171394;41.5418515
Bon Area;2.1366856;41.387584
Bon Area;2.1408533;41.3588634
Condis;2.1420834;41.381875
Condis;2.2046354;41.4188343
Condis Express;2.0741519;41.53011
;2.1589426;41.3834182
Supermercado Charter;2.1392235;41.3605664
Suma;2.13296;41.3800115
Dia Market;2.1342485;41.3771418
Sorli Discau;2.1364732;41.3643321
Bonpreu;2.1369131;41.3635096
Condis;2.1380088;41.3620599
;2.1662752;41.3939284
Spar;2.1668699;41.3960742
Dia;2.1378184;41.3623277
Lidl;2.1321661;41.3852607
Condis;2.1679585;41.3926337
Condis;2.128233;41.3851648
Bon Area;1.8644796;41.6290424
Sorli Discau;2.1410516;41.3601241
ALDI;2.367519;41.4908867
Ametller Origen;2.2954156;41.4930039
EuroCity;2.173886;41.3895517
Maa Supermercat;2.1772448;41.3957971
Coaliment;2.1720957;41.391935
Pim Pam;2.1642997;41.3998268
Mi Alcampo;2.1588705;41.3907371
Todo Hogar;-64.6861206;10.1719926
Inversiones Hortalizas y Frutas;-64.6773021;10.150547
Bon Area;2.2866759;41.6850299
Carrefour Market;2.1282776;41.375457
Cindus Expres;2.1373513;41.4097222
Condis;2.2863688;41.6814225
Caprabo;2.1371038;41.3596647
Justo y Bueno;-64.685303;10.1692259
Dia;2.1550737;41.4094094
;2.1558918;41.4098881
Lidl;2.1372686;41.3667154
Sorli Discau;2.1522126;41.4030573
Bruniquer;2.1622087;41.4056753
Supermercat;2.1687008;41.3997067
Condis;2.1306853;41.3647066
Condis;2.1297451;41.3869485
Mercadona;2.1396644;41.3682545
Super;2.1882499;41.3744357
Premmia Mercat;2.1894534;41.3754895
Condis;2.1329385;41.368106
Condis;2.32117;41.4800655
Consum;2.1304813;41.3826531
Suma;2.322996;41.4801094
Formatgeria 12 graus;2.1622315;41.4034507
Superestalvi;2.1632456;41.402975
Bonpreu;2.3185687;41.4822582
Mercadinho Satélite;-46.5524619;-23.6196884
Caprabo;2.1599998;41.5015412
Dia Market;2.0910457;41.4740915
Condis;2.1626592;41.6888717
Suma;2.1479166;41.3974748
Plusfresc;2.1418123;41.3984575
BonÀrea;2.1305144;41.3832041
Caprabo;2.1332975;41.3783991
Caprabo;2.1474976;41.3721677
Bonpreu;2.2861416;41.8748523
Condis;2.1099584;41.353139
Sorli Discau;2.2041516;41.3992951
Granel;2.1613333;41.4036456
Proxim;2.1968513;41.3990612
Condis;2.1550285;41.3791013
Caprabo;2.1887696;41.3923461
Condis;2.1434146;41.3703694
BonÀrea;2.1625065;41.37794
Lidl;1.9154149;41.4763409
Condis;2.1296592;41.3712926
Bonpreu;2.1412379;41.3679752
Molsa Bio Sants;2.1338145;41.3750344
Caprabo;2.1531549;41.4026072
Supermercat Llobet;1.9173925;41.606992
Condis;2.1240033;41.39021
Caprabo;2.183255;41.4003043
ALDI;2.3047346;41.6124875
Rapid;2.1502091;41.4044022
Supermercats Jr;1.7263517;41.2247458
Bonpreu;2.1370552;41.3638438
Caprabo;2.2649124;41.5422434
Condis;2.2661652;41.54283
Condis;1.9516171;41.7961466
Dia;1.950622;41.7959736
Bon Area;1.9539117;41.7967275
Supermercats Llobet;1.9539144;41.7974133
Condis;1.9708465;41.8604615
Suma;1.9286581;41.474271
Es;2.1735586;41.4114789
;2.1195563;41.7514636
Samya;2.1793456;41.4045345
New lucky;2.1791948;41.4056747
Lucky's;2.1806835;41.4058528
El Rincón de la Abuela Venezolana;2.1791957;41.4060512
Sorli Discau;2.1793675;41.4062668
Consum;2.1782736;41.4037491
Supermercat;2.1751185;41.4017282
Supermercat;2.1774305;41.4034926
Condis;2.1757782;41.4019041
Supercor;2.1682575;41.3944689
Sorli Discau;2.1475523;41.4835557
Mercadona;2.1066786;41.5126442
Mercadona;2.1704059;41.4126764
Taste of America;2.162099;41.3902776
Express;2.1660379;41.3928198
ALDI;2.1782891;41.4054788
Express;2.162835;41.390395
Condis;2.1812124;41.4080053
Caprabo;2.1848523;41.4065032
Consum;2.098251;41.3280389
Clic;2.1838243;41.4082521
Bon Area;2.2913509;41.6115139
Autoservicio Súper Loral;2.1860673;41.4099568
Super del Clot;2.1856318;41.4096043
Carcassona;1.8236425;41.465521
Casa Debasa;2.1763238;41.4032265
Express Supermarket;2.172812;41.4013831
Charter;2.1717201;41.4005548
Paprika Gourmet;2.1799406;41.4054596
Supermercat Pròxim;2.1047432;41.550205
Alimentació Línea;1.8151496;41.4992401
Molsa;2.1760612;41.4067419
Condis;2.1693312;41.400476
Dia;2.1603296;41.3821141
Condis;2.1636294;41.377084
;2.1839471;41.3837383
Caprabo;2.1557605;41.4212679
BonÀrea;1.8626387;42.2545828
Condis;2.4474095;41.6924786
Supermercat ZC;1.848878;41.6062569
Autoservei Creus;1.8479581;41.6108114
Supermercats Martin;2.1467451;41.4904055
Condis;2.1447227;41.4831862
Condis;2.1444169;41.4899775
Dia;2.2171154;41.413891
Dia;2.217644;41.4173948
El Bròquil del Gòtic;2.1777099;41.3788153
Spar;1.8624315;42.2529657
Sorli;2.160212;41.3905507
Bon Area;2.2042257;41.4363788
Lidl;2.206343;41.435976
La Colomenca;2.2064485;41.4548785
L&B;2.2168175;41.4328743
Proxim;2.1715044;41.3762956
Dia;2.1624169;41.3751957
Lidl;2.2590931;41.6031107
Teodosio;2.2193649;41.4402181
Caprabo;2.1304735;41.365622
Bon Area;2.1257888;41.3668509
El Forn;1.5925808;41.2541463
Caprabo;2.136431;41.3698879
Lidl;2.1644902;41.4391367
BonÀrea;2.172253;41.4302146
Coaliment;2.1597404;41.3983856
Carrefour;1.8235004;41.731011
;2.1977119;41.3910359
Mercadona;2.0820138;41.5709492
Sorli Discau;2.0855945;41.5700832
Consum;2.0888078;41.5694732
Dia;2.0402721;41.4996797
Supermercats Charter;1.8209849;41.7309924
Caprabo;1.8246511;41.7297491
Llobet;1.8169981;41.7313409
Bon Area;2.1808512;41.4604544
Bon Area;2.1565088;41.4243546
Dia;2.1567329;41.4244807
Mercadona;2.2906059;41.6007626
Sorli Discau;2.1669584;41.3990353
Alcampo;2.17852;41.3784
Bonpreu;2.1875262;41.4287294
Condis;2.1603592;41.3987532
Veritas;2.1615558;41.4139009
Dia;2.2289586;41.5631558
Bonpreu;2.1200073;41.3639312
Bonpreu;2.1014719;41.3592116
Condis;2.1624567;41.3905525
Condis;2.0241258;41.4880454
Cal Vidal;2.125955;41.3654304
Bon Area;2.1447946;41.4907537
Veritas;2.1274988;41.3831348
Alcampo;2.1816499;41.4032182
Bonpreu;2.1603862;41.4356474
Caprabo;1.8062391;41.2386371
Condis;2.1464554;41.3718773
Charter;2.2107559;41.4484021
Condis;2.2119829;41.4470838
Sorli Discau;2.2057702;41.4529044
BonÀrea;2.2132824;41.4476794
BonÀrea;2.2193416;41.4504173
Bon Area;2.2171931;41.453901
Bon Area;2.2063711;41.4506249
Bon Area;2.2047614;41.4581481
Covirán;2.2179885;41.4534667
Consum;2.2057808;41.458634
Charter;2.2099386;41.4550244
Dia;2.2186968;41.4485962
Dia;2.2145464;41.4509358
Dia;2.212107;41.4501678
Dia;2.2076464;41.4491254
Dia;2.2048318;41.4590343
Dia;2.2032617;41.4605874
Condis;2.2085396;41.4471906
Condis;2.2047637;41.4500587
Condis;2.2018133;41.4574048
Condis;2.2032356;41.4599351
Condis;2.2055436;41.4546111
Condis;2.2053857;41.4520686
Condis;2.2084216;41.4551876
Condis;2.2126213;41.4530637
Condis;2.2197191;41.4553856
Condis;2.209991;41.4506053
Sorli Discau;2.2192162;41.455667
Suma;2.2131148;41.4475477
Kachafruit;2.1205502;41.3897506
Autoservei i alimentació;1.7179368;41.2261435
Charter;2.1022997;41.3608471
Plusfresc;2.1010246;41.3620159
Dia;2.0995573;41.3616557
Dia;2.098394;41.3584691
Condis;2.0980797;41.3584696
Lidl;2.1070844;41.3616663
Autoservei Almar;2.1001654;41.3601933
Suma;2.0985251;41.3602409
Bon Àrea;2.0986;41.3595691
Mercadona;2.0952309;41.3623354
Mercadona;2.1886822;41.4108343
;2.1827653;41.4129925
Sorli;2.1748632;41.4198454
Condis;2.1812647;41.4204896
Sorli Discau;2.1816488;41.3977747
Caprabo;2.1727325;41.3907093
Mercadona;2.1883954;41.4173813
Suma;1.9757713;41.4486718
Condis;2.1586802;41.4074918
;2.1959694;41.4034908
Mercat de la Sagrada Família;1.8375037;41.7278572
Lidl;2.1795095;41.3982086
Consum;2.2836781;41.6053285
Supermercat Suma;1.7707818;41.5334319
Proxim;1.9693395;41.4480446
Condis;1.9740822;41.4474753
Condis;1.9718793;41.4484986
Suma;1.973796;41.4479452
Caprabo;1.9690449;41.4522209
Consum;2.4459769;41.5456792
Suma;2.4898965;41.6872528
Bon Area;2.1333089;41.3750037
Ametller Origen;2.1319359;41.3753665
Condis;2.1301746;41.3773455
Eurocity;2.1294406;41.3756373
FITO NATURA;1.6294358;41.5805912
Sorli Discau;2.1290217;41.371474
Dia;2.1290555;41.3738765
Primaprix;2.1270239;41.3757032
Supermercat Oriental;2.131048;41.3747914
Proxim;2.1359911;41.494005
Caprabo;2.1256781;41.3757186
Ametller Origen;2.121989;41.3759771
Condis;2.0212564;41.4127158
Caprabo;2.2538281;41.9328268
Condis;2.0293608;41.3467119
Condis;2.2812414;41.4689038
Peix i Marisc;2.2810499;41.468795
Mercadona;2.2844735;41.4724418
Tinc Tot;2.2805845;41.4691512
Soni;2.1526361;41.50197
Grup la Granja;2.1571905;41.5000636
Condis;2.272997;41.4636944
Bon Vecino super asiatico;2.1761255;41.3892087
Supermarket 24h;2.1736146;41.3813814
Alcampo;2.2167758;41.4096553
;2.1495775;41.4942692
Sorli Discau;2.1462409;41.4957398
Condis express;2.142695;41.497797
Skinder Super;2.1446154;41.4976001
Ràpid;2.1710016;41.4122177
;2.1754608;41.4197662
Rapid supermercats;2.1744392;41.4208229
BonÀrea;2.1864932;41.430009
Cal Llobet;1.6404923;41.6059789
Caprabo;2.1749632;41.4092612
Alfer;2.1761387;41.4079883
11 bcn;2.1785306;41.4077681
Super mercat;2.1651175;41.4094695
Pulgarcito;2.1758946;41.4098077
Productes del mon senser;2.1697789;41.4125103
Aracuyá;2.1773466;41.4086652
Super Cartagena;2.1747176;41.4110401
Mercadona;2.1707715;41.4130631
Lidl;2.1227755;41.3623273
Euro Cataluña;2.1717188;41.409669
Condis Express;2.1726479;41.4089922
Superpreus;2.1752264;41.4054039
Lepant - open;2.1734267;41.4067355
Mian Ikram;2.1768951;41.4041145
Aloha;2.1759068;41.4051723
Uro Nepal;2.1753661;41.407292
Everest;2.1672139;41.4101548
Coaliment;2.1759325;41.4032065
Consum;2.1485774;41.4091288
Bonpreu;2.1816192;41.4089351
Independència 321;2.1812649;41.4091767
Sardenya Open;2.1705274;41.4053674
Akash;2.1703137;41.4074779
Condis;2.1689919;41.4064841
Fabain;2.1724116;41.4042369
Covirán;2.2036251;41.4010308
Ametller origen;2.2017887;41.4009084
Veritas;2.2040922;41.4006032
Bonpreu;2.2025453;41.401134
Charter;1.7129541;41.2188165
Condis life;2.206319;41.4084239
Caprabo;2.1992632;41.4044578
Condis;1.9704028;41.447587
Dia;1.9699137;41.4481412
Condis;2.1897073;41.4058657
ALDI;2.1601827;41.3858607
Alcampo;1.9764032;41.4463305
BonÀrea;1.9747;41.4477584
Condis;1.8183955;41.7259611
ALDI;2.142686;41.3763245
Coaliment;2.1580486;41.427598
Lidl;2.0136743;41.4145247
Mercadona;2.1758174;41.3902948
La Feixa SCCP;2.4484553;41.5391056
Esclat;1.8958704;41.8174457
Consum;2.156684;41.3986928
Mercadona;2.1722801;41.4034828
La Fuente;2.1625929;41.3906663
Goshi;2.1723868;41.4039551
Condis express;2.1713319;41.4053806
Ametller Origen;1.7376587;41.3550249
Carrefour;1.7395842;41.3555539
CONDIS;2.0892319;41.351118
UVE134 Pasiones Argentinas;2.1555534;41.3811767
;2.1460169;41.4215763
;2.1486557;41.4219251
;2.1516593;41.4246984
Bonpreu;2.1692252;41.4049417
Ametller Origen;2.1710867;41.4032323
Veritas;2.1645102;41.4079177
Krakoviak;2.1716662;41.4030955
ALDI;2.3693703;41.6379488
Mercadona;2.1313618;41.3756118
;1.9547768;41.3957513
Supermercat;2.1685381;41.4037802
Supermarket;2.1729608;41.4004374
València Supermercat;2.1746658;41.4010765
Autoservei;2.1725298;41.4007613
Fresco;2.1646689;41.4046594
Frutería Primos Pernía;-64.6768741;10.147466
Frutas Hortalizas y Verduras;-64.6767811;10.1527896
Unimercado Barrio Sucre;-64.6751906;10.1489301
;2.1328171;41.4895662
Dia;2.1504647;41.3997802
Bonpreu;2.1756027;41.4308633
Veritas;2.2461013;41.4505814
Mercado de Verduras Los Andinos;-64.6818782;10.1755404
AQUI Automercado;-64.6878895;10.1564911
Mishcat;2.1764704;41.4114321
Alimentació oriental;2.1733883;41.4106408
BonÀrea;2.1591236;41.401698
Condis;2.1752435;41.4051806
Mercadona;2.1724151;41.4031708
;2.1704784;41.3999538
Sorli Discau;2.1064295;41.5370608
Caprabo;2.170697;41.406583
Al-Amin;2.1592954;41.3980911
Caprabo;2.1621366;41.4039086
Claret;2.1647653;41.4038158
Bonpreu;2.1692693;41.4075396
Welcome;2.1735426;41.4073905
Bon super mercat;2.1718689;41.4057677
Coaliment;2.1689656;41.4022418
Condis;2.1782436;41.4080496
Condis;2.1772369;41.4081247
Lucky;2.1669418;41.4389556
Sagrada Familia;2.1749281;41.4063597
Diamant;2.1561266;41.4038996
Supermercat;2.1573676;41.4051465
Supermercat;2.1774594;41.4068675
Carrefour Market;2.2246819;41.4384065
Jespac;2.1601112;41.3744984
Zarah Supermercat;2.1674105;41.4041095
Plaça de Tetuan;2.1750447;41.394124
Condis;1.9301624;41.3823981
Gra de Gràcia;2.1590846;41.4015523
Coaliment;2.0596177;41.3869623
Casa Ruiz Granel;2.1368219;41.403631
Condis;2.0568306;41.3877522
Bon Granel;2.1332375;41.3753219
;2.1557942;41.4251828
Gra de Gràcia;2.1542041;41.4032168
100 grams;2.1726072;41.4341151
Handsel & Granel;2.1505135;41.402095
Gra de Gràcia;2.1539247;41.4005992
Casa Ruiz Granel Selecto Barcelona-Eixample Dret;2.175008;41.3904129
Graneria de Sant Andreu;2.1903896;41.4285496
La Montcadenya;2.1764596;41.4253234
Granel Poble Sec Market;2.1583481;41.3745563
Vida Meva- Queviures Ecològics de proximitat;2.203517;41.4004914
Colibrí a granel;2.150225;41.4043461
La Graneria del Poblenou;2.2010138;41.4018083
Surinyach Pasta i Gra;2.162503;41.4096787
Granarium;2.1825341;41.3970387
Del poble... A granel;2.2010186;41.4133397
granel street market;2.156619;41.3817777
E&L Tot a Granel;2.1679573;41.4302855
Real food granel;2.1335712;41.3809203
Monmas;2.1625974;41.3772234
Refill & Zero;2.1227944;41.3962605
Sardà;2.1764075;41.4027904
Consum;2.2095306;41.5402571
;2.1728916;41.3750603
Condis;1.9281119;41.4735906
Mercadona;2.4339062;41.5377038
Consum;1.6951601;41.3417543
;2.154229;41.426007
Mercadona;2.0616813;41.4697577
Condis;2.1518709;41.4220727
Condis;2.1555737;41.4241304
;2.1554212;41.4255359
;2.1530515;41.4251332
;2.1545442;41.4252722
Carrefour;2.1551434;41.426654
;2.1552676;41.4267539
Condis;2.1572699;41.4265804
Condis;2.155784;41.4207285
;2.1554545;41.4220761
;2.1546068;41.4233188
Caprabo;2.1354917;41.4023957
Caprabo;2.1373773;41.3751944
Català & Kamala;2.1660567;41.3949556
Condis;2.2425387;41.4393583
Totbo;2.0652614;41.4578737
Aliprox;2.1413574;41.3737588
Dia%;2.1393169;41.3631128
ALDI;2.1779771;41.3971217
Mi Alcampo;2.1812818;41.3821997
ALDI;2.160064;41.3854393
Coaliment;2.1402282;41.3610405
Condis;2.1598688;41.4018957
Idl;2.1010058;41.3735429
Dia;2.1372331;41.3847429
Lidl;1.9753765;41.2816921
Coaliment;2.1544728;41.3895942
Condis Express;2.2506589;41.9333516
Bonpreu;2.1387727;41.3859747
ALDI;2.1370582;41.3854147
Bon Àrea;2.1477278;41.381139
ALDI;2.1370478;41.3853659
Consum;2.360809;41.6416286
Condis;2.05843;41.3768473
Germinal | Herbolari , Complements i Cosmètica Natural;2.1682498;41.3996725
Lidl;2.1757495;41.3887397
Supercoop Manresa;1.8258208;41.7244668
Supermercat Asiatic;2.2336158;41.434617
Condis;2.2233321;41.4232152
Coaliment;2.1478583;41.3948658
Covirán;2.1800414;41.3863718
ALDI;2.165215;41.3851898
EsNaturalBcn;2.1555065;41.3880256
Dia & go;2.1771049;41.3909216
Condis;2.1824262;41.3865857
Consum;2.0407226;41.4966543
Suma;2.0331997;41.4846669
Peixateria el Mar de la Susi;2.0441334;41.3872034
Llobet;1.8285498;41.7307123
Súper Mercado Toro;2.1786682;41.3818026
Condis Express;1.8987518;41.5193701
BonÀrea;1.9009954;41.5165506
;2.1544324;41.3858301
Condis;2.2234813;41.4162033
Condis;2.1090639;41.372796
Supermercat Lucía;2.1089814;41.3725995
Coaliment;2.1165364;41.3778863
Mercadona;2.2856069;41.6042857
;2.025565;41.5992435
Sorli Discau;2.2271144;41.5649096
Primaprix;2.1982348;41.4032097
Condis;1.9758845;41.4482569
Condis;2.104357;41.5506311
Condis Express;2.1892741;41.420166
Mi Alcampo;2.2376287;41.4510753
Condis;2.4812673;41.5730471
Caprabo;2.4829018;41.5741362
3 Estrellas Supermarket;2.0447147;41.2721073
Proxim;1.6166399;41.3257258
Casa Tió;2.2855688;41.6082187
Coaliment Supermercats;2.1441289;41.4044669
Bonpreu;2.1274314;41.3835857
El Rebost de la Vila;2.0992714;41.4996105
"Llobet 1923 - ""Cal Segalet""";1.9706307;41.8623861
BonÀrea;2.4443436;41.6927369
Dia;2.4454875;41.6935983
Essenciales;2.3668396;41.5123356
Supercor;2.1296689;41.3676723
Mercadona;2.1276222;41.3642891
Super Tandy;2.2099456;41.4098158
Alcampo;2.2252206;41.4137345
Condis;2.1441256;41.3883224
Carrefour Market;2.1752298;41.386773
Ecolectia;2.159983;41.4043319
Lidl;2.1879343;41.4299646
Supermercat;2.1515968;41.4059341
;2.1423002;41.3850621
Ametller Origen;2.1431771;41.3898935
;2.1422047;41.3837382
;2.1452604;41.3724747
;2.1471563;41.3750152
;2.136303;41.3657131
;2.1392882;41.369109
;2.1413597;41.3722853
;2.1459188;41.377447
Condis;2.1453536;41.3761484
;2.1475215;41.390624
;2.1978459;41.3996622
;2.1984615;41.4001622
;2.1463037;41.3939155
;2.1545744;41.391366
PROP;2.1461251;41.3937644
ALDI;2.1374479;41.3618892
Caprabo;2.1816355;41.4190756
Bonpreu;2.4407176;41.5373937
;2.1467646;41.3959984
El graner de Sant Gervasi;2.1463433;41.3939451
Condis;2.140303;41.4008729
;2.1096313;41.3607328
;2.1374753;41.3790295
Galaxy;2.1373666;41.3776503
Shapla;2.1377936;41.3785669
Lidl;2.1412324;41.382413
Supermercat nou;2.1335828;41.3723832
Sorli;2.0917435;41.3223545
Awami;2.1655923;41.3828342
Supermercat;2.1467552;41.3823415
Proxim supermercats;2.1734737;41.4018597
BonÀrea;2.1842583;41.4239255
Carrefour Market Ramblas;2.1708307;41.3839523
Dani Supermercat;2.1002923;41.3714357
CondisLife;2.0423551;41.3797979
Supermercat Alfons XII;2.2427674;41.4464589
Ca l'Antònia;2.2450247;41.4482886
Dia;2.0748116;41.3630889
La sirena;2.1672757;41.3802692
Alimentació;2.2390908;41.4466035
sorli;2.2395362;41.4455479
Supermercados Dia;2.2410527;41.4462576
CoAliment;2.0417081;41.3838893
Dia;2.1675682;41.379594
Sorli;2.3463428;41.505324
ALDI;2.0111419;41.4171628
Condis;1.8402055;41.783814
MiAlcampo;2.1648341;41.3898164
Caprabo;2.1987269;41.4225396
ALDI;2.010282;41.386562
Famoso;-64.6841814;10.174495
Bonpreu;2.3879383;41.6398972
Hortet Seleccions - Botiga Vegana;2.1589489;41.4304518
Mercadona;2.1336988;41.3746133
Condis;1.7301864;41.217477
Supermercat;1.7205298;41.2208316
Condis;1.725915;41.2250132
Supermercado Noor;1.7214645;41.2220366
Dia;2.6040725;41.6196089
Supermercados Sorli;2.6048939;41.6185979
Bonpreu;2.2806967;41.5970759
Condis Express;2.1561695;41.4085594
Famoso;-64.6928519;10.1614063
Famoso;-64.6835979;10.1652991
Boget market;-64.685159;10.1639051
BonÀrea;1.9809947;41.3575272
Ametller Origen;2.1951791;41.4151978
Coaliment;1.9810705;41.3566081
Aikoz;-64.6946144;10.1481329
Condis;2.1297249;41.3681647
Dia;2.6242683;41.6019596
Ametller Origen;2.1511771;41.3851122
;2.152396;41.3852532
Condis;2.1537501;41.3870433
Condis;2.1449091;41.4135583
Lidl;1.6368354;41.5779966
Mercadona;2.1946917;41.4283624
Consum;2.1919988;41.4227856
El Molino;2.1312254;41.3812788
Condis;2.1987792;41.4003662
Condis;2.0941173;41.3308542
Proxim;1.8647848;41.5441239
Cal Tori;2.0222374;41.9450887
Dia;2.3603909;41.4962214
Dia;2.1002053;41.3725726
Famoso;-64.6876559;10.1448428
Kosher Babait;2.14819;41.3966927
BonÀrea;2.1295994;41.3756298
Alcampo;2.1829056;41.3854996
BonÀrea;2.1773247;41.387029
Carrefour Market;2.1759498;41.3864152
Covirán;2.1787676;41.3883957
Condis;2.1565544;41.4046227
Charter;2.1603921;41.3992103
Carrefour express;2.1635929;41.3995641
Condis;2.1277593;41.3667568
Hosmarket;2.1281559;41.3658663
Supermercat Asiatic;2.1786833;41.391376
Condis;2.1777307;41.38963
cosmo shop;2.1644035;41.3839322
;2.3792594;41.5008638
Mercadona;2.0263543;41.3103882
ALDI;2.2096981;41.4261672
Global cash & carry;2.1653671;41.3830151
Covirán;2.1841379;41.4183665
Todo Hogar;-64.6845887;10.1287563
Mercadona;2.2075838;41.4245433
Alcampo;2.4333527;41.5547068
Supermercat del Mar;2.19223;41.3800632
BonÀrea;2.0002111;41.5640312
Mi Al Campo;2.1734411;41.3794436
Suma;2.5792582;41.5931264
Consum;1.8266147;41.7254647
Organic Market;2.122234;41.3977748
Veritas;2.1009051;41.3596576
Supermercat Llobet;1.8622138;41.6658111
Dia;1.8616339;41.666585
ALDI;2.1770892;41.4256055
Dia Market;2.1699992;41.4306147
Covirán;2.1702022;41.430511
Condis;2.172749;41.4219416
Covirán;2.1725425;41.4236612
Sorli Discau;2.1762514;41.4248323
Condis;2.176165;41.4247319
MODU supermarket;2.1573465;41.3997747
Supeco;2.1433757;41.3716451
Mister Pa;1.5729608;41.3872732
Autoservei Parellada;1.5728867;41.3869155
Charter;2.0246573;41.4900566
;2.3622967;41.4973087
La Dispensa - Supermercado italiano;2.1739275;41.4073684
Mercadona;2.0344356;41.5628934
Bon Àrea;2.1110173;41.5464329
Ibericos JP;2.2232079;41.4554833
BonÀrea;2.1623492;41.4095878
Organic Market;2.1773934;41.3938432
Veritas;2.3171547;41.4822761
Condis;2.1139823;41.3572387
Caprabo;2.0975461;41.3726644
Mercadona;2.1443556;41.3523033
bonÀrea;2.1409791;41.3685371
Dia%;2.1458131;41.3721062
Suma;2.3201038;41.4793464
ALDI;2.1629275;41.4007569
Condis;2.2389054;41.4314718
Covirán;2.1023398;41.3565912
L'Ecològica;2.3169267;41.481373
limpiatodo;-64.6844577;10.1300147
Mercado comunal Juana Petrolina Hernández;-64.684665;10.1311558
Dia;2.1784188;41.4150217
La botiga del Venezian;2.1636308;41.4146157
Condis;2.3162365;41.4824821
Esclat;1.7447164;41.2326209
ALDI;1.753338;41.2363278
Súper;2.1924372;41.4296624
Dia;1.8360806;41.7806691
Primaprix;2.4926157;41.6856674
Forn de pa i pastisseria Joan Jorge;2.34262;41.5069973
Condis;2.0060227;41.3893382
Caprabo;2.3084719;41.4864807
Condis;2.3085647;41.4861561
BonArea;2.1761755;41.40765
Proxim;2.1125363;41.3554954
Proxim;2.1146859;41.3555666
Coaliment;2.1583971;41.4023547
Dia;2.1660028;41.3767034
Supermercat uma;2.1808115;41.396163
Sorli;2.179892;41.3961071
Sorli;2.1794167;41.3934787
Mercat de pagès de Sants;2.1291135;41.37953
UK Supermercat;2.1656814;41.3924922
Mercadona;2.2231067;41.5220405
Charter Consum;1.6193606;41.5878055
Charter - Consum;1.6273593;41.5764726
;2.1489709;41.4088013
Veritas;2.1381362;41.4115631
BonÀrea;1.8228404;41.7288049
Basar Alimentació Atlas;1.8344271;41.7281496
Plusfresc;1.8305844;41.7299251
Ametller Origen;1.8298466;41.7298731
Trady's Supermercat;1.8290879;41.730559
Comestibles Comallonga;1.823556;41.7242332
Supermercat Llobet;1.8230927;41.7249874
Ametller Origen;1.8259426;41.7258957
Expres Super;1.8260136;41.7259562
Condis;1.8252339;41.7264942
El Mercat de Les Marines;2.033674;41.2707383
Dia;2.1476435;41.3956586
Llobet;1.8264317;41.7354385
Natur House;1.8271368;41.7271124
La Muralla - Carns i Fruites;1.8219008;41.7243924
Covirán;1.8220637;41.7248692
Condis;2.2086274;41.4020007
Ca l'Arpellot;1.8292704;41.7365272
Suma;2.5174183;41.5664872
BonÀrea;2.2041966;41.4213592
Cal Fruitós;2.2046063;41.420856
Alcampo;2.2052539;41.4187499
Cosum;2.1534211;41.4087254
Esclat;2.2728585;42.04118
Supercor;2.1651652;41.427874
Suma;2.0068157;41.5610955
Bonpreu;2.1603872;41.3805833
Alfi;2.158981;41.3807348
Condis;1.8795949;42.2331674
Supermercat;1.7066259;41.2238563
La Botiga del Barri;1.7280212;41.2342198
Alimentació Cristina;1.7268303;41.2360775
Caprabo;2.1358101;41.3811972
Condis;1.7109952;41.2218459
Mercadona;1.7163838;41.220987
Bon Supermercat;1.7119427;41.2199343
Viure Sà;1.8244117;41.724672
Caprabo;1.7146678;41.223825
Charter;1.7145042;41.2214555
SMT mini mercat;1.7169075;41.2233297
Bonpreu;1.7270456;41.2197709
Suma supermercat;1.729935;41.2189457
Dia;1.7293127;41.218627
Supermercado Charly;1.7287695;41.2173085
Supermercats JR;1.7331657;41.2167456
Coaliment;1.7320847;41.2178088
Dua Supermercat;1.7310441;41.2224511
Bonpreu;1.7178261;41.2234478
Caprabo;1.7219205;41.2203106
Supermercats JR;1.7300758;41.217717
Supermercats Jr;1.7274271;41.2297579
Dia;1.7210783;41.223012
Supermercat Jr;1.7253296;41.2213607
Bon Area;1.7206145;41.2208309
Veritas;1.7245079;41.2231362
Bon Àrea;1.7236847;41.2236003
Supermercat de Caputxins;1.7252595;41.2262799
Granel Vilanova;1.725289;41.2262206
You Supermercat Asiatic;1.7274569;41.2223746
Nocr;1.7214837;41.2220582
Condis;2.1211266;41.36965
Condis;2.157651;41.3818648
;1.8322941;41.7296352
Supermercat;1.7250368;41.2266501
Supermercat;1.7305227;41.2242909
Condis;1.7297014;41.2230697
Condis;1.7201349;41.2236885
Supermercats JR;1.7196927;41.224513
Lidl;2.1492897;41.3988815
Supermercat Cristina;2.2053079;41.4344544
;2.1713685;41.3955557
Supermercats J. Rigual;1.7273185;41.2271032
Supermercats Jr;1.7238256;41.2240201
Supermercat express;2.1509987;41.4067088
BonArea;1.6252544;41.5782749
Dia;1.6241144;41.5784699
Supermas;1.6252746;41.5813938
Condis Express;1.619992;41.5836668
Consum;1.6180523;41.5807395
Alcampo;2.1347741;41.4054162
Ametller Origen;2.1570522;41.3982682
Condis;2.1743269;41.3989346
Suma;2.1658382;41.3986582
BonÀrea;2.2200961;41.796319
Suma;2.217997;41.8000871
V-TRUST;2.2057015;41.4000644
La Botiga. Agrobotiga del Sindicat;2.7504337;41.6672371
Dia;2.1725182;41.435391
Condis;2.1863049;41.4510661
Charter;2.1160939;41.3726414
Condis life;2.2417525;41.4597309
Condis;2.1607083;41.4027507
Lidl;2.0843011;41.3727671
Hi mart;2.2020638;41.4010617
Condis Express;2.1712123;41.4176156
Condis;2.1791874;41.4116301
Alcampo;2.1666292;41.4406293
Mercadona;2.1702162;41.4380629
Lidl;2.1734268;41.4312442
BonArea;2.178337;41.4232483
Dia;2.1793648;41.422214
ALDI;2.166213;41.3803914
Dhanda;2.1117035;41.3680682
Suma;2.1624493;41.3987369
;2.1666222;41.3919376
Caprabo;2.4409719;41.5398852
Prima prix;2.1450308;41.3870415
Bon Area;2.1432709;41.3845975
Toko;2.1466024;41.3842363
Coaliment;2.1509485;41.3795411
Condis;2.1507677;41.3793211
Alcampo;2.1420149;41.3937344
Ametller Origen;2.1532308;41.4055597
BonArea;2.2028237;41.4030905
Dia;2.1538246;41.4010382
Superestalvi;2.1885941;41.4073495
Mi Alcampo;2.1800343;41.3850787
Condis;1.9779365;41.2873063
Mercadona;2.1392221;41.5075812
;2.7248184;41.6346483
Bonpreu;2.1765305;41.4058461
Dia;2.0542827;41.3658834
Dia;2.070851;41.3669582
Caprabo;2.1519429;41.4090956
Lidl;2.0342319;41.3451215
Condis;2.2053929;41.3980983
Dia;2.0297854;41.3570056
SuperCor expres;2.1436128;41.374973
;2.0178726;41.3142631
Condis express;2.027924;41.3165294
Carrefour;1.8228462;41.7308204
Carrefour;1.8228998;41.7305162
Can Mensa;1.8225267;41.7310403
Aldi;2.127381;41.394403
Consum;2.1841333;41.4484259
SPAR;1.6746501;41.2096524
Dia;1.6746468;41.2091134
Qgat Super;2.0882604;41.4833245
Mercadona;2.0706759;41.4811567
Mercadona;2.0705793;41.4812775
Bonpreu;2.0134837;41.5613723
Condis;2.1887829;41.3987364
Sorli;2.1566768;41.3810422
Maxi Dia;2.1163361;41.3743802
BonÀrea;2.1350987;41.4916172
Condis;2.1359029;41.4911545
Coaliment;2.0500815;41.3793679
Dia;2.1007342;41.5603863
Consum;2.1048455;41.5473261
Plusfrésc;2.1433604;41.3859929
BonÀrea;2.1829651;41.408975
Dia;2.1206618;41.3705823
Suma;2.1598316;41.4034012
Camping Bon Repos Market;2.7206855;41.631317
Condis;2.1662431;41.3729678
Condis;2.1633165;41.4060329
Mi Alcampo;2.0517285;41.3825478
Charter Consum;2.1318517;41.367796
suma;2.2450153;41.450575
Condis;2.148175;41.4094308
Ametller Origen;2.1614361;41.3780989
Dia;2.1733912;41.4260974
Lidl;2.1746318;41.4257481
Hort de Can Tabaquet;2.243759;41.5872768
Sorli;2.3542354;41.4939526
Sorli;2.3587219;41.492096
Condis;2.1347925;41.3617718
Caprabo;2.1327818;41.360197
Condis;2.1638489;41.4094094
Condis express;2.0301566;41.5735741
Caprabo;2.1668275;41.397241
BonÀrea;2.0864094;41.3716787
Dia;2.1127897;41.3692955
Espucarn;2.0926732;41.3616665
Dia;2.1690745;41.4437563
Caprabo;2.1643535;41.4418846
Carrefour express;2.4459224;41.5343352
Veritas;2.1606047;41.4301228
Ametller Origen;2.1609543;41.4297058
Veritas;1.7540195;41.2363269
Charter;2.1692097;41.4149465
;2.1964851;41.404502
Condis;2.1585916;41.4120537
Condis;2.2125101;41.4171228
Ametller Origen;1.6843667;41.5303774
Dia;2.0995729;41.3673671
Spar;2.129676;41.3841907
Condis;2.2050931;41.5904439
consum;2.1857615;41.4300133
Supermercat Halal;1.8226881;41.7231663
Mercadona;2.1793667;41.447245
Aldi;2.16946;41.3899573
Primaprix;1.7395506;41.2285271
Aldi;1.6980586;41.3349698
BonÀrea;2.3558971;41.4918516
Condis;2.1342996;41.383421
Condis;2.1962947;41.4183087
Supermercat Mas d'en Gall;1.8341308;41.5375371
Mercadona;2.2170256;41.4320924
BonÀrea;2.2254949;41.4261216
Pròxim Supermercats;2.018937;41.4150909
Sorli Nyam;2.1769157;41.3974563
PrimaPrix;2.1189701;41.3758342
La botigueta del barri;2.2843179;41.8668372
Suma;2.1619037;41.4103755
Primaprix;2.0447267;41.3808817
Condis;2.5792001;41.5919123
Supermercat Simon;1.7088936;41.5195119
Charter;2.1806448;41.4170433
Caprabo;2.1874338;41.4218424
BonÀrea;2.0373284;41.4946847
Coaliment;2.1999014;41.4124831
Ametller Origen;2.1697342;41.4075827
Condis;2.4931609;41.6891007
Marusya;2.204638;41.4027133
charter;2.176353;41.4431779
Condis;2.2869208;41.6903371
Condis;2.2283173;41.424265
Mercadona;2.1807348;41.4381691
charter;2.1853427;41.442735
Clarel;1.8385807;41.7819012
Condis;2.1244879;41.3958701
EURO SOL;2.171072;41.4068293
Condis;2.1961013;41.3900836
Coaliment;2.0354713;41.8734594
Bon Area;2.1756594;41.3987971
Charter;1.978789;41.2820415
Ametller;2.1797687;41.3959768
Cherry;2.1182839;41.3756616
Alimentació - productes llatins;2.1066828;41.3758671
Consum;2.1188193;41.3656296
Condis;2.1309614;41.4949518
bonArea;2.1769431;41.4445537
Dia;2.175192;41.4481231
charter;2.1748957;41.4479014
Alcampo;2.1647072;41.3998216
Bonpreu;2.2287039;41.8504995
BonÀrea;2.14451;41.4907717
Caprabo;2.1573387;41.3730597
A Taste of Home;2.1681408;41.3935216
BonÀrea;2.0531643;41.3807811
Condis;2.195251;41.4011125
Primaprix;2.1624583;41.3887824
Condis;2.1828153;41.4012222
Bonpreu;2.0218439;41.317242
BonÀrea;2.0233605;41.3178161
Charter;2.0077325;41.3029857
